court_id,name,court_level,court_type,bench_size,selection_jurisdiction,selection_method,selection_type,term_length,url
ala,Supreme Court of Alabama,sup,Supreme Court,9,statewide,partisan election,partisan election,6,http://judicial.alabama.gov/supreme.cfm
alacrimapp,Court of Criminal Appeals of Alabama,apl,Court of Criminal Appeals,5,statewide,partisan election,partisan election,6,http://judicial.alabama.gov/criminal.cfm
alacivapp,Court of Civil Appeals of Alabama,apl,Court of Civil Appeals,5,statewide,partisan election,partisan election,6,http://judicial.alabama.gov/civil.cfm
alaska,Alaska Supreme Court,sup,Supreme Court,5,statewide,gubernatorial appointment from nominating commission,appointment,10,http://courts.alaska.gov/sp.htm
alaskactapp,Court of Appeals of Alaska,apl,Court of Appeal,3,statewide,gubernatorial appointment from nominating commission,appointment,8,http://courts.alaska.gov/appcts.htm
ariz,Arizona Supreme Court,sup,Supreme Court,7,statewide,gubernatorial appointment from nominating commission,appointment,6,http://www.azcourts.gov/azsupremecourt.aspx
arizctapp,Court of Appeals of Arizona,apl,Court of Appeal,22,division*,gubernatorial appointment from nominating commission,appointment,6,http://www.azcourts.gov/AZCourts/CourtofAppeals.aspx‎
ark,Supreme Court of Arkansas,sup,Supreme Court,7,statewide,nonpartisan election*+,nonpartisan election,8,https://courts.arkansas.gov/courts/supreme-court
arkctapp,Court of Appeals of Arkansas,apl,Court of Appeal,12,district,nonpartisan election*+,nonpartisan election,6,https://courts.arkansas.gov/courts/court-of-appeals
cal,California Supreme Court,sup,Supreme Court,7,statewide,gubernatorial appointment;**confirmation by commission on judicial appointments***,appointment,12,http://www.courts.ca.gov/supremecourt.htm
calctapp,California Court of Appeal,apl,Court of Appeal,102,district,gubernatorial appointment;**confirmation by commission on judicial appointments***,appointment,12,http://www.courts.ca.gov/courtsofappeal.htm
colo,Supreme Court of Colorado,sup,Supreme Court,7,statewide,gubernatorial appointment from nominating commission,appointment,10,http://www.coloradosupremecourt.com/
coloctapp,Colorado Court of Appeals,apl,Court of Appeal,22,statewide,gubernatorial appointment from nominating commission,appointment,8,http://www.courts.state.co.us/Courts/Court_Of_Appeals/
conn,Supreme Court of Connecticut,sup,Supreme Court,7,statewide,gubernatorial appointment from nominating commission,appointment,10,http://www.jud.state.ct.us/external/supapp/
connappct,Connecticut Appellate Court,apl,Appellate Court,,,,,,http://www.jud.ct.gov/external/supapp/appellate.htm‎
del,Supreme Court of Delaware,sup,Supreme Court,5,statewide,gubernatorial appointment from judicial nominating commission with senate consent*,appointment,12,http://courts.delaware.gov/supreme/
fla,Supreme Court of Florida,sup,Supreme Court,7,statewide,gubernatorial appointment from nominating commission,appointment,6,http://www.floridasupremecourt.org/
fladistctapp,District Court of Appeal of Florida,apl,District Court of Appeal,60,district,gubernatorial appointment from nominating commission,appointment,6,http://www.flcourts.org/courts/dca/dca.shtml
fladistctapp1,Florida First District Court of Appeal,apl,District Court of Appeal,60,district,gubernatorial appointment from nominating commission,appointment,6,
fladistctapp2,Florida Second District Court of Appeal,apl,District Court of Appeal,60,district,gubernatorial appointment from nominating commission,appointment,6,
fladistctapp3,Florida Third District Court of Appeal,apl,District Court of Appeal,60,district,gubernatorial appointment from nominating commission,appointment,6,
fladistctapp4,Florida Fourth District Court of Appeal,apl,District Court of Appeal,60,district,gubernatorial appointment from nominating commission,appointment,6,
fladistctapp5,Florida Fifth District Court of Appeal,apl,District Court of Appeal,60,district,gubernatorial appointment from nominating commission,appointment,6,
flacirct1,Circuit Court of the 1st Judicial Circuit of Florida,lwr,Circuit Court,597,circuit,nonpartisan election*,nonpartisan election,6,
flacirct1esc,"Circuit Court of the 1st Judicial Circuit of Florida, Escambia County",lwr,Circuit Court,597,circuit,nonpartisan election*,nonpartisan election,6,
flacirct1oka,"Circuit Court of the 1st Judicial Circuit of Florida, Okaloosa County",lwr,Circuit Court,597,circuit,nonpartisan election*,nonpartisan election,6,
flacirct1san,"Circuit Court of the 1st Judicial Circuit of Florida, Santa Rosa County",lwr,Circuit Court,597,circuit,nonpartisan election*,nonpartisan election,6,
flacirct1wal,"Circuit Court of the 1st Judicial Circuit of Florida, Walton County",lwr,Circuit Court,597,circuit,nonpartisan election*,nonpartisan election,6,
flacirct2,Circuit Court of the 2nd Judicial Circuit of Florida,lwr,Circuit Court,597,circuit,nonpartisan election*,nonpartisan election,6,
flacirct2fra,"Circuit Court of the 2nd Judicial Circuit of Florida, Franklin County",lwr,Circuit Court,597,circuit,nonpartisan election*,nonpartisan election,6,
flacirct2gad,"Circuit Court of the 2nd Judicial Circuit of Florida, Gadsden County",lwr,Circuit Court,597,circuit,nonpartisan election*,nonpartisan election,6,
flacirct2jef,"Circuit Court of the 2nd Judicial Circuit of Florida, Jefferson County",lwr,Circuit Court,597,circuit,nonpartisan election*,nonpartisan election,6,
flacirct2leo,"Circuit Court of the 2nd Judicial Circuit of Florida, Leon County",lwr,Circuit Court,597,circuit,nonpartisan election*,nonpartisan election,6,
flacirct2lib,"Circuit Court of the 2nd Judicial Circuit of Florida, Liberty County",lwr,Circuit Court,597,circuit,nonpartisan election*,nonpartisan election,6,
flacirct2wak,"Circuit Court of the 2nd Judicial Circuit of Florida, Wakulla County",lwr,Circuit Court,597,circuit,nonpartisan election*,nonpartisan election,6,
flacirct3,Circuit Court of the 3rd Judicial Circuit of Florida,lwr,Circuit Court,597,circuit,nonpartisan election*,nonpartisan election,6,
flacirct3col,"Circuit Court of the 3rd Judicial Circuit of Florida, Columbia County",lwr,Circuit Court,597,circuit,nonpartisan election*,nonpartisan election,6,
flacirct3dix,"Circuit Court of the 3rd Judicial Circuit of Florida, Dixie County",lwr,Circuit Court,597,circuit,nonpartisan election*,nonpartisan election,6,
flacirct3ham,"Circuit Court of the 3rd Judicial Circuit of Florida, Hamilton County",lwr,Circuit Court,597,circuit,nonpartisan election*,nonpartisan election,6,
flacirct3laf,"Circuit Court of the 3rd Judicial Circuit of Florida, Lafayette County",lwr,Circuit Court,597,circuit,nonpartisan election*,nonpartisan election,6,
flacirct3mad,"Circuit Court of the 3rd Judicial Circuit of Florida, Madison County",lwr,Circuit Court,597,circuit,nonpartisan election*,nonpartisan election,6,
flacirct3suw,"Circuit Court of the 3rd Judicial Circuit of Florida, Suwannee County",lwr,Circuit Court,597,circuit,nonpartisan election*,nonpartisan election,6,
flacirct3tay,"Circuit Court of the 3rd Judicial Circuit of Florida, Taylor County",lwr,Circuit Court,597,circuit,nonpartisan election*,nonpartisan election,6,
flacirct4,Circuit Court of the 4th Judicial Circuit of Florida,lwr,Circuit Court,597,circuit,nonpartisan election*,nonpartisan election,6,
flacirct4cla,"Circuit Court of the 4th Judicial Circuit of Florida, Clay County",lwr,Circuit Court,597,circuit,nonpartisan election*,nonpartisan election,6,
flacirct4duv,"Circuit Court of the 4th Judicial Circuit of Florida, Duval County",lwr,Circuit Court,597,circuit,nonpartisan election*,nonpartisan election,6,
flacirct4nas,"Circuit Court of the 4th Judicial Circuit of Florida, Nassau County",lwr,Circuit Court,597,circuit,nonpartisan election*,nonpartisan election,6,
flacirct5,Circuit Court of the 5th Judicial Circuit of Florida,lwr,Circuit Court,597,circuit,nonpartisan election*,nonpartisan election,6,
flacirct5cit,"Circuit Court of the 5th Judicial Circuit of Florida, Citrus County",lwr,Circuit Court,597,circuit,nonpartisan election*,nonpartisan election,6,
flacirct5her,"Circuit Court of the 5th Judicial Circuit of Florida, Hernando County",lwr,Circuit Court,597,circuit,nonpartisan election*,nonpartisan election,6,
flacirct5lak,"Circuit Court of the 5th Judicial Circuit of Florida, Lake County",lwr,Circuit Court,597,circuit,nonpartisan election*,nonpartisan election,6,
flacirct5mar,"Circuit Court of the 5th Judicial Circuit of Florida, Marion County",lwr,Circuit Court,597,circuit,nonpartisan election*,nonpartisan election,6,
flacirct5sum,"Circuit Court of the 5th Judicial Circuit of Florida, Sumter County",lwr,Circuit Court,597,circuit,nonpartisan election*,nonpartisan election,6,
flacirct6,Circuit Court of the 6th Judicial Circuit of Florida,lwr,Circuit Court,597,circuit,nonpartisan election*,nonpartisan election,6,
flacirct6pas,"Circuit Court of the 6th Judicial Circuit of Florida, Pasco County",lwr,Circuit Court,597,circuit,nonpartisan election*,nonpartisan election,6,
flacirct6pin,"Circuit Court of the 6th Judicial Circuit of Florida, Pinellas County",lwr,Circuit Court,597,circuit,nonpartisan election*,nonpartisan election,6,
flacirct7,Circuit Court of the 7th Judicial Circuit of Florida,lwr,Circuit Court,597,circuit,nonpartisan election*,nonpartisan election,6,
flacirct7fla,"Circuit Court of the 7th Judicial Circuit of Florida, Flagler County",lwr,Circuit Court,597,circuit,nonpartisan election*,nonpartisan election,6,
flacirct7put,"Circuit Court of the 7th Judicial Circuit of Florida, Putnam County",lwr,Circuit Court,597,circuit,nonpartisan election*,nonpartisan election,6,
flacirct7stj,"Circuit Court of the 7th Judicial Circuit of Florida, St. Johns County",lwr,Circuit Court,597,circuit,nonpartisan election*,nonpartisan election,6,
flacirct7vol,"Circuit Court of the 7th Judicial Circuit of Florida, Volusia County",lwr,Circuit Court,597,circuit,nonpartisan election*,nonpartisan election,6,
flacirct8,Circuit Court of the 8th Judicial Circuit of Florida,lwr,Circuit Court,597,circuit,nonpartisan election*,nonpartisan election,6,
flacirct8ala,"Circuit Court of the 8th Judicial Circuit of Florida, Alachua County",lwr,Circuit Court,597,circuit,nonpartisan election*,nonpartisan election,6,
flacirct8bak,"Circuit Court of the 8th Judicial Circuit of Florida, Baker County",lwr,Circuit Court,597,circuit,nonpartisan election*,nonpartisan election,6,
flacirct8bra,"Circuit Court of the 8th Judicial Circuit of Florida, Bradford County",lwr,Circuit Court,597,circuit,nonpartisan election*,nonpartisan election,6,
flacirct8gil,"Circuit Court of the 8th Judicial Circuit of Florida, Gilchrist County",lwr,Circuit Court,597,circuit,nonpartisan election*,nonpartisan election,6,
flacirct8lev,"Circuit Court of the 8th Judicial Circuit of Florida, Levy County",lwr,Circuit Court,597,circuit,nonpartisan election*,nonpartisan election,6,
flacirct8uni,"Circuit Court of the 8th Judicial Circuit of Florida, Union County",lwr,Circuit Court,597,circuit,nonpartisan election*,nonpartisan election,6,
flacirct9,Circuit Court of the 9th Judicial Circuit of Florida,lwr,Circuit Court,597,circuit,nonpartisan election*,nonpartisan election,6,
flacirct9ora,"Circuit Court of the 9th Judicial Circuit of Florida, Orange County",lwr,Circuit Court,597,circuit,nonpartisan election*,nonpartisan election,6,
flacirct9osc,"Circuit Court of the 9th Judicial Circuit of Florida, Osceola County",lwr,Circuit Court,597,circuit,nonpartisan election*,nonpartisan election,6,
flacirct10,Circuit Court of the 10th Judicial Circuit of Florida,lwr,Circuit Court,597,circuit,nonpartisan election*,nonpartisan election,6,
flacirct10har,"Circuit Court of the 10th Judicial Circuit of Florida, Hardee County",lwr,Circuit Court,597,circuit,nonpartisan election*,nonpartisan election,6,
flacirct10hig,"Circuit Court of the 10th Judicial Circuit of Florida, Highlands County",lwr,Circuit Court,597,circuit,nonpartisan election*,nonpartisan election,6,
flacirct10pol,"Circuit Court of the 10th Judicial Circuit of Florida, Polk County",lwr,Circuit Court,597,circuit,nonpartisan election*,nonpartisan election,6,
flacirct11,Circuit Court of the 11th Judicial Circuit of Florida,lwr,Circuit Court,597,circuit,nonpartisan election*,nonpartisan election,6,
flacirct11mia,"Circuit Court of the 11th Judicial Circuit of Florida, Miami-Dade County",lwr,Circuit Court,597,circuit,nonpartisan election*,nonpartisan election,6,
flacirct12,Circuit Court of the 12th Judicial Circuit of Florida,lwr,Circuit Court,597,circuit,nonpartisan election*,nonpartisan election,6,
flacirct12des,"Circuit Court of the 12th Judicial Circuit of Florida, De Soto County",lwr,Circuit Court,597,circuit,nonpartisan election*,nonpartisan election,6,
flacirct12man,"Circuit Court of the 12th Judicial Circuit of Florida, Manatee County",lwr,Circuit Court,597,circuit,nonpartisan election*,nonpartisan election,6,
flacirct12sar,"Circuit Court of the 12th Judicial Circuit of Florida, Sarasota County",lwr,Circuit Court,597,circuit,nonpartisan election*,nonpartisan election,6,
flacirct13,Circuit Court of the 13th Judicial Circuit of Florida,lwr,Circuit Court,597,circuit,nonpartisan election*,nonpartisan election,6,
flacirct13hil,"Circuit Court of the 13th Judicial Circuit of Florida, Hillsborough County",lwr,Circuit Court,597,circuit,nonpartisan election*,nonpartisan election,6,
flacirct14,Circuit Court of the 14th Judicial Circuit of Florida,lwr,Circuit Court,597,circuit,nonpartisan election*,nonpartisan election,6,
flacirct14bay,"Circuit Court of the 14th Judicial Circuit of Florida, Bay County",lwr,Circuit Court,597,circuit,nonpartisan election*,nonpartisan election,6,
flacirct14cal,"Circuit Court of the 14th Judicial Circuit of Florida, Calhoun County",lwr,Circuit Court,597,circuit,nonpartisan election*,nonpartisan election,6,
flacirct14gul,"Circuit Court of the 14th Judicial Circuit of Florida, Gulf County",lwr,Circuit Court,597,circuit,nonpartisan election*,nonpartisan election,6,
flacirct14hol,"Circuit Court of the 14th Judicial Circuit of Florida, Holmes County",lwr,Circuit Court,597,circuit,nonpartisan election*,nonpartisan election,6,
flacirct14jac,"Circuit Court of the 14th Judicial Circuit of Florida, Jackson County",lwr,Circuit Court,597,circuit,nonpartisan election*,nonpartisan election,6,
flacirct14was,"Circuit Court of the 14th Judicial Circuit of Florida, Washington County",lwr,Circuit Court,597,circuit,nonpartisan election*,nonpartisan election,6,
flacirct15,Circuit Court of the 15th Judicial Circuit of Florida,lwr,Circuit Court,597,circuit,nonpartisan election*,nonpartisan election,6,
flacirct15pal,"Circuit Court of the 15th Judicial Circuit of Florida, Palm Beach County",lwr,Circuit Court,597,circuit,nonpartisan election*,nonpartisan election,6,
flacirct16,Circuit Court of the 16th Judicial Circuit of Florida,lwr,Circuit Court,597,circuit,nonpartisan election*,nonpartisan election,6,
flacirct16mon,"Circuit Court of the 16th Judicial Circuit of Florida, Monroe County",lwr,Circuit Court,597,circuit,nonpartisan election*,nonpartisan election,6,
flacirct17,Circuit Court of the 17th Judicial Circuit of Florida,lwr,Circuit Court,597,circuit,nonpartisan election*,nonpartisan election,6,
flacirct17bro,"Circuit Court of the 17th Judicial Circuit of Florida, Broward County",lwr,Circuit Court,597,circuit,nonpartisan election*,nonpartisan election,6,
flacirct18,Circuit Court of the 18th Judicial Circuit of Florida,lwr,Circuit Court,597,circuit,nonpartisan election*,nonpartisan election,6,https://flcourts18.org/
flacirct18bre,"Circuit Court of the 18th Judicial Circuit of Florida, Brevard County",lwr,Circuit Court,597,circuit,nonpartisan election*,nonpartisan election,6,
flacirct18sem,"Circuit Court of the 18th Judicial Circuit of Florida, Seminole County",lwr,Circuit Court,597,circuit,nonpartisan election*,nonpartisan election,6,
flacirct19,Circuit Court of the 19th Judicial Circuit of Florida,lwr,Circuit Court,597,circuit,nonpartisan election*,nonpartisan election,6,
flacirct19ind,"Circuit Court of the 19th Judicial Circuit of Florida, Indian River County",lwr,Circuit Court,597,circuit,nonpartisan election*,nonpartisan election,6,
flacirct19mar,"Circuit Court of the 19th Judicial Circuit of Florida, Martin County",lwr,Circuit Court,597,circuit,nonpartisan election*,nonpartisan election,6,
flacirct19oke,"Circuit Court of the 19th Judicial Circuit of Florida, Okeechobee County",lwr,Circuit Court,597,circuit,nonpartisan election*,nonpartisan election,6,
flacirct19stl,"Circuit Court of the 19th Judicial Circuit of Florida, St. Lucie County",lwr,Circuit Court,597,circuit,nonpartisan election*,nonpartisan election,6,
flacirct20,Circuit Court of the 20th Judicial Circuit of Florida,lwr,Circuit Court,597,circuit,nonpartisan election*,nonpartisan election,6,
flacirct20cha,"Circuit Court of the 20th Judicial Circuit of Florida, Charlotte County",lwr,Circuit Court,597,circuit,nonpartisan election*,nonpartisan election,6,
flacirct20col,"Circuit Court of the 20th Judicial Circuit of Florida, Collier County",lwr,Circuit Court,597,circuit,nonpartisan election*,nonpartisan election,6,
flacirct20gla,"Circuit Court of the 20th Judicial Circuit of Florida, Glades County",lwr,Circuit Court,597,circuit,nonpartisan election*,nonpartisan election,6,
flacirct20hen,"Circuit Court of the 20th Judicial Circuit of Florida, Hendry County",lwr,Circuit Court,597,circuit,nonpartisan election*,nonpartisan election,6,
flacirct20lee,"Circuit Court of the 20th Judicial Circuit of Florida, Lee County",lwr,Circuit Court,597,circuit,nonpartisan election*,nonpartisan election,6,
flapubserv,Florida Public Service Commission,lwr,,,,,,,http://www.psc.state.fl.us/
flacirct,Circuit Court for the Judicial Circuits of Florida,lwr,Circuit Court,597,circuit,nonpartisan election*,nonpartisan election,6,
ga,Supreme Court of Georgia,sup,Supreme Court,9,statewide,nonpartisan election*+,nonpartisan election,6,http://www.gasupreme.us/
gactapp,Court of Appeals of Georgia,apl,Court of Appeal,12,statewide,nonpartisan election*+,nonpartisan election,6,http://www.gaappeals.us/
haw,Hawaii Supreme Court,sup,Supreme Court,5,statewide,gubernatorial appointment from nominating commission with senate confirmation,appointment,10,http://www.courts.state.hi.us/
hawapp,Hawaii Intermediate Court of Appeals,apl,Intermediate Court of Appeals,6,statewide,gubernatorial appointment from nominating commission with senate confirmation,appointment,10,http://www.courts.state.hi.us/
idaho,Idaho Supreme Court,sup,Supreme Court,5,statewide,nonpartisan election*+,nonpartisan election,6,http://www.isc.idaho.gov/
idahoctapp,Idaho Court of Appeals,apl,Court of Appeal,3,statewide,nonpartisan election*+,nonpartisan election,6,http://www.isc.idaho.gov/
ill,Illinois Supreme Court,sup,Supreme Court,7,district**,partisan election,partisan election,10,http://www.state.il.us/court/
illappct,Appellate Court of Illinois,apl,Appellate Court,42,district***,partisan election,partisan election,10,http://www.state.il.us/court/appellatecourt/
ind,Indiana Supreme Court,sup,Supreme Court,5,statewide,gubernatorial appointment from nominating commission,appointment,10,http://www.in.gov/judiciary/supreme/
indctapp,Indiana Court of Appeals,apl,Court of Appeal,15,district,gubernatorial appointment from nominating commission,appointment,10,http://www.in.gov/judiciary/appeals/
iowa,Supreme Court of Iowa,sup,Supreme Court,7,statewide,gubernatorial appointment through nominating commission,appointment,8,http://www.iowacourts.gov/supreme_court/
iowactapp,Court of Appeals of Iowa,apl,Court of Appeal,9,statewide,gubernatorial appointment through nominating commission,appointment,6,http://www.iowacourts.gov/court_of_appeals/
kan,Supreme Court of Kansas,sup,Supreme Court,7,statewide,gubernatorial appointment from nominating commission,appointment,6,http://www.kscourts.org/kansas-courts/supreme-court/
kanctapp,Court of Appeals of Kansas,apl,Court of Appeal,12,statewide,gubernatorial appointment with senate confirmation,appointment,4,http://www.kscourts.org/kansas-courts/court-of-appeals/
ky,Kentucky Supreme Court,sup,Supreme Court,7,district,nonpartisan election*,nonpartisan election,8,http://courts.ky.gov/courts/supreme/‎
kyctapp,Court of Appeals of Kentucky,apl,Court of Appeal,14,district,nonpartisan election*,nonpartisan election,8,http://courts.ky.gov/courts/coa/Pages/coa.aspx
la,Supreme Court of Louisiana,sup,Supreme Court,7,district,partisan election**,partisan election,10,http://www.lasc.org/
lactapp,Louisiana Court of Appeal,apl,Court of Appeal,53,circuit/district*,partisan election**,partisan election,10,http://louisiana.gov/Government/Judicial_Branch/#courtsofappeal
me,Supreme Judicial Court of Maine,sup,Supreme Judicial Court,7,statewide,gubernatorial appointment with senate confirmation*,appointment,7,http://www.courts.state.me.us/maine_courts/supreme/
md,Court of Appeals of Maryland,sup,Court of Appeal,7,circuit,gubernatorial appointment from nominating commission with senate confirmation,appointment,10,http://www.courts.state.md.us/coappeals/
mdctspecapp,Court of Special Appeals of Maryland,apl,Court of Special Appeals,13,circuit,gubernatorial appointment from nominating commission with senate confirmation,appointment,10,http://www.courts.state.md.us/cosappeals/
mass,Massachusetts Supreme Judicial Court,sup,Supreme Judicial Court,7,statewide,gubernatorial appointment with approval of governor's council*,appointment,,http://www.mass.gov/courts/sjc/
massappct,Massachusetts Appeals Court,apl,Appeals Court,25,statewide,gubernatorial appointment from nominating commission with approval of governor's council*,appointment,,http://www.mass.gov/courts/appealscourt/
mich,Michigan Supreme Court,sup,Supreme Court,7,statewide,partisan nomination; nonpartisan election*+,nonpartisan election,8,http://courts.mi.gov/
michctapp,Michigan Court of Appeals,apl,Court of Appeal,28,district,nonpartisan election*+,nonpartisan election,6,http://courts.mi.gov/courts/coa/pages/default.aspx
minn,Supreme Court of Minnesota,sup,Supreme Court,7,statewide,nonpartisan election*+,nonpartisan election,6,http://www.mncourts.gov/?page=550
minnctapp,Court of Appeals of Minnesota,apl,Court of Appeal,16,statewide,nonpartisan election*+,nonpartisan election,6,http://www.mncourts.gov/?page=551
miss,Mississippi Supreme Court,sup,Supreme Court,9,district,nonpartisan election*,nonpartisan election,8,http://courts.ms.gov/appellate_courts/sc/sc.html
missctapp,Court of Appeals of Mississippi,apl,Court of Appeal,10,district,nonpartisan election*,nonpartisan election,8,http://courts.ms.gov/appellate_courts/coa/coa.html
mo,Supreme Court of Missouri,sup,Supreme Court,7,statewide,gubernatorial appointment from nominating commission,appointment,12,http://www.courts.mo.gov/page.jsp?id=27
moctapp,Missouri Court of Appeals,apl,Court of Appeal,32,district,gubernatorial appointment from nominating commission,appointment,12,http://www.courts.mo.gov/page.jsp?id=261
mont,Montana Supreme Court,sup,Supreme Court,7,statewide,nonpartisan election*,nonpartisan election,8,http://courts.mt.gov/supreme/default.mcpx
neb,Nebraska Supreme Court,sup,Supreme Court,7,statewide (chief justice); district (associate justices),gubernatorial appointment from nominating commission,appointment,6,http://supremecourt.ne.gov/
nebctapp,Nebraska Court of Appeals,apl,Court of Appeal,6,district,gubernatorial appointment from nominating commission,appointment,6,http://supremecourt.ne.gov/
nev,Nevada Supreme Court,sup,Supreme Court,7,statewide,nonpartisan election,nonpartisan election,6,http://www.nevadajudiciary.us/index.php/supremecourt
nh,Supreme Court of New Hampshire,sup,Supreme Court,5,statewide,gubernatorial nomination from selection commission recommendation; appointment by the executive council*,appointment,,http://www.courts.state.nh.us/supreme/
nj,Supreme Court of New Jersey,sup,Supreme Court,7,statewide,gubernatorial appointment with senate confirmation,appointment,7,http://www.judiciary.state.nj.us/supreme/
nm,New Mexico Supreme Court,sup,Supreme Court,5,statewide,partisan election*,partisan election,8,https://nmsupremecourt.nmcourts.gov/index.php
nmctapp,New Mexico Court of Appeals,apl,Court of Appeal,10,statewide,partisan election*,partisan election,8,https://coa.nmcourts.gov/index.php
ny,New York Court of Appeals,sup,Court of Appeal,7,statewide,gubernatorial appointment from nominating commission with senate consent,appointment,14,http://www.nycourts.gov/ctapps/
nyappdiv,Appellate Division of the Supreme Court of the State of New York,apl,Supreme Court,324,district,partisan election***,partisan election,14,http://www.courts.state.ny.us/courts/appellatedivisions.shtml‎
nyappterm,Appellate Terms of the Supreme Court of New York,apl,Supreme Court,324,district,partisan election***,partisan election,14,https://www.nycourts.gov/courts/1jd/supctmanh/appellate_term.shtml
nysupct,New York Supreme Court,lwr,Supreme Court,324,district,partisan election***,partisan election,14,http://www.nycourts.gov/courts/cts-outside-nyc-SUPREME.shtml
nydistct,New York District Court,lwr,District Court,,,,,,
nydistctnassau,Nassau County District Court,lwr,District Court,,,,,,
nydistctsuffolk,Suffolk County District Court,lwr,District Court,,,,,,
nyjustct,New York Justice Court,lwr,,,,,,,
nynyccityct,City of New York Municipal Court,lwr,,,,,,,
nyfamct,New York Family Court,lwr,,,,,,,http://www.courts.state.ny.us/courts/cts-outside-nyc-FAMILY.shtml
nysurct,New York Surrogate's Court,lwr,,,,,,,https://en.wikipedia.org/wiki/New_York_Surrogate%27s_Court
nyclaimsct,New York Court of Claims,lwr,,,,,,,
nc,Supreme Court of North Carolina,sup,Supreme Court,7,statewide,partisan election,partisan election,8,http://www.nccourts.org/courts/appellate/supreme/
ncctapp,Court of Appeals of North Carolina,apl,Court of Appeal,15,statewide,partisan election,partisan election,8,http://www.nccourts.org/courts/appellate/appeal/
nd,North Dakota Supreme Court,sup,Supreme Court,5,statewide,nonpartisan election**,nonpartisan election,10,http://www.ndcourts.gov/default.htm
ndctapp,North Dakota Court of Appeals,apl,Court of Appeal,,---,"chosen from among active and retired district judges, retired supreme court justices, and attorneys",,,http://www.ndcourts.gov/default.htm
ohio,Ohio Supreme Court,sup,Supreme Court,7,statewide,partisan primary; nonpartisan general election,,6,http://www.supremecourt.ohio.gov/
ohioctapp,Ohio Court of Appeals,apl,Court of Appeal,68,appellate district,partisan primary; nonpartisan general election,,6,http://www.supremecourt.ohio.gov/JudSystem/districtCourts/
ohioctcompl,Court Of Common Pleas Of Ohio,lwr,,,,,,,
okla,Supreme Court of Oklahoma,sup,Supreme Court,9,district,gubernatorial appointment through nominating commission,appointment,6,http://www.oscn.net/oscn/schome/start.htm
oklacivapp,Court of Civil Appeals of Oklahoma,apl,Court of Civil Appeals,12,district,gubernatorial appointment through nominating commission,appointment,6,http://www.oscn.net/oscn/schome/civilappeals.htm
or,Oregon Supreme Court,sup,Supreme Court,7,statewide,nonpartisan election*+,nonpartisan election,6,http://www.publications.ojd.state.or.us/Pages/OpinionsSC.aspx
orctapp,Court of Appeals of Oregon,apl,Court of Appeal,10,statewide,nonpartisan election*+,nonpartisan election,6,http://courts.oregon.gov/COA/
pa,Supreme Court of Pennsylvania,sup,Supreme Court,7,statewide,partisan election*,partisan election,10,http://www.pacourts.us/courts/supreme-court/
pasuperct,Superior Court of Pennsylvania,apl,Superior Court,15,statewide,partisan election*,partisan election,10,http://www.pacourts.us/courts/superior-court/
pacommwct,Commonwealth Court of Pennsylvania,apl,Commonwealth Court,9,statewide,partisan election*,partisan election,10,http://www.pacourts.us/courts/commonwealth-court/
ri,Supreme Court of Rhode Island,sup,Supreme Court,5,statewide,gubernatorial appointment from nominating commission with house and senate confirmation,appointment,,http://www.courts.ri.gov/courts/supremecourt/default.aspx
sc,Supreme Court of South Carolina,sup,Supreme Court,5,statewide,legislative election,,10,http://www.judicial.state.sc.us/supreme/
scctapp,Court of Appeals of South Carolina,apl,Court of Appeal,9,statewide,legislative election,,6,http://www.judicial.state.sc.us/appeals/
sd,South Dakota Supreme Court,sup,Supreme Court,5,district appointment; statewide retention,gubernatorial appointment from nominating commission,appointment,8,http://www.sdjudicial.com/
tenn,Tennessee Supreme Court,sup,Supreme Court,5,statewide,gubernatorial appointment with joint House/Senate confirmation,appointment,8,https://www.tncourts.gov/courts/supreme-court
tennctapp,Court of Appeals of Tennessee,apl,Court of Appeal,12,statewide,gubernatorial appointment with joint House/Senate confirmation,appointment,8,http://www.tncourts.gov/courts/court-appeals
tenncrimapp,Court of Criminal Appeals of Tennessee,apl,Court of Criminal Appeals,12,statewide,gubernatorial appointment with joint House/Senate confirmation,appointment,8,http://www.tsc.state.tn.us/courts/court-criminal-appeals
tennworkcompcl,Tennessee Court of Workers' Compensation Claims,lwr,,,,,,,https://www.tn.gov/workforce/injuries-at-work/bureau-services/bureau-services/court-of-wc-claims.html
tennworkcompapp,Tennessee Workers' Compensation Appeals Board,lwr,,,,,,,https://www.tn.gov/workforce/injuries-at-work/bureau-services/bureau-services/appeals-board.html
tex,Texas Supreme Court,sup,Supreme Court,9,statewide,partisan election,partisan election,6,http://www.supreme.courts.state.tx.us/
texapp,Court of Appeals of Texas,apl,Court of Appeal,80,district,partisan election,partisan election,6,http://www.courts.state.tx.us/courts/coa.asp
texbizct,Texas Business Court,lwr,,,,,,,https://www.txcourts.gov/businesscourt/
utah,Utah Supreme Court,sup,Supreme Court,5,statewide,gubernatorial appointment from nominating commission with senate confirmation,appointment,10,http://www.utcourts.gov/opinions/supopin/index.htm
utahctapp,Court of Appeals of Utah,apl,Court of Appeal,7,statewide,gubernatorial appointment from nominating commission with senate confirmation,appointment,6,http://www.utcourts.gov/courts/appell/
vt,Supreme Court of Vermont,sup,Supreme Court,5,statewide,gubernatorial appointment from nominating commission with senate confirmation,appointment,6,http://www.vermontjudiciary.org/gtc/supreme/default.aspx
va,Supreme Court of Virginia,sup,Supreme Court,7,statewide,legislative election,,12,http://www.courts.state.va.us/courts/scv/
vactapp,Court of Appeals of Virginia,apl,Court of Appeal,11,statewide,legislative election,,8,http://www.courts.state.va.us/courts/cav/
vachanct,Virginia Chancery Court,lwr,Chancery Court,,,,,,
wash,Washington Supreme Court,sup,Supreme Court,9,statewide*,nonpartisan election**,nonpartisan election,6,https://www.courts.wa.gov/appellate_trial_courts/SupremeCourt/
washctapp,Court of Appeals of Washington,apl,Court of Appeal,22,district,nonpartisan election**,nonpartisan election,6,https://www.courts.wa.gov/appellate_trial_courts/
wva,West Virginia Supreme Court,sup,Supreme Court,,,,,,http://www.courtswv.gov/supreme-court/
wvactapp,Intermediate Court of Appeals of West Virginia,apl,Intermediate Court of Appeals,,,,,,
wis,Wisconsin Supreme Court,sup,Supreme Court,7,statewide,nonpartisan election*,nonpartisan election,10,http://www.wicourts.gov/courts/supreme/index.htm
wisctapp,Court of Appeals of Wisconsin,apl,Court of Appeal,16,district,nonpartisan election*,nonpartisan election,6,http://www.wicourts.gov/courts/appeals/
wyo,Wyoming Supreme Court,sup,Supreme Court,5,statewide,gubernatorial appointment from nominating commission,appointment,8,http://www.courts.state.wy.us/
