,JID,name,state,gender,party,race,professional experience,election type,term start,term end,next election date
0,6101036b-d8b6-4954-87b7-2b16a4b546f8,Abigail LeGrow,DE,female,unsure,white,"corporate, judicial","appointed, leg confirmed","may 3, 2023",2035,requires re-nomination and re-confirmation
1,f525a04f-587d-4efb-8009-1479043f22d4,Adam Tanenbaum,FL,male,republican,white,"government civil (non civil rights), judicial, legislative experience, other exec branch experience",appointed,"january 14, 2026","january 2, 2029",
2,9a1a1762-ff77-4061-8028-4e13b4e4adac,Aimee A. Oravec,AK,female,unsure,white,"corporate, misc. private practice",appointed,"january 31, 2025",2028,2028
3,301ee9c5-59c4-41cb-b65e-2000be2d2872,Alisa Kelli Wise,AL,female,republican,white,"corporate, misc. private practice, judicial, other exec branch experience","elected, partisan",2011,"january 15, 2029","november 2, 2028"
4,68c1f8ef-d8b0-4b7f-8518-0c7501127c6b,Allison Riggs,NC,female,democrat,white,"legal aid/non-govt civil rights, judicial",appointed,"september 11, 2023","december 31, 2024","november 7, 2024"
5,12a29efb-a8e0-43c6-99d3-e0ccf1ad4ea9,Andrew J. McDonald,CT,male,democrat,white,"corporate, government civil (non civil rights), legislative experience, other exec branch experience","appointed, leg confirmed","january 24, 2013","january 24, 2029",requires re-nomination and re-confirmation
6,74cb36e7-8ced-4839-a944-b6b4812cab15,Andrew M. Horton,ME,male,democrat,white,"corporate, misc. private practice, judicial","appointed, leg confirmed","february 4, 2020","february 3, 2027",n/a - requires reappointment/confirmation
7,56515f18-3257-41a3-97bb-c2c6743b8b30,Andrew M. Mead,ME,male,democrat,white,"misc. private practice, judicial","appointed, leg confirmed",2007,2028,n/a - requires reappointment/confirmation
8,1a416fac-278a-4124-95cc-0320a8c2ba9a,Andrew Pinson,GA,male,republican,white,"corporate, government civil (non civil rights), misc. private practice, judicial",appointed,"july 20, 2022","december 31, 2024","november 4, 2024"
9,5278550a-0fb5-441c-a721-0bf1e738ffa9,Angela M. Eaves,MD,female,unsure,black,", latino","prosecutor, legal aid/non-govt civil rights, defend criminal legal system, government civil (non civil rights), judicial","appointed, leg confirmed","april 12, 2022","december 31, 2024"
10,71396ef0-032e-496b-8409-ad0cf2e51417,Angela McCormick Bisig,KY,female,unsure,white,"prosecutor, misc. private practice, judicial","elected, nonpartisan","january 2, 2023",january 2031,"november 5, 2030"
11,c97f4367-d7f0-417c-bb4d-ef792e0acb32,Anita Earls,NC,female,democrat,black,"legal aid/non-govt civil rights, civil rights for govt, plaintiff-side civil private practice, misc. private practice","elected, partisan","january 1, 2019","december 31, 2026","november 3, 2026"
12,c5fba747-9e39-4d18-ae94-1b9a819d96ec,Ann A. Scott Timmer,AZ,female,unsure,white,"prosecutor, public defender/other indigent defense, corporate, misc. private practice, judicial","appointed, retention elected",2012,"january 1, 2029","november 2, 2028"
13,64c438fa-45b3-46e5-a250-f9336118cdb6,Anna Blackburne-Rigsby,DC,female,unsure,black,"corporate, government civil (non civil rights), judicial, other exec branch experience","appointed, leg confirmed",2006,"march 17, 2025",n/a
14,2c363b09-a635-4076-b2a7-a4e0563f52b9,Anne K. McKeig,MN,female,unsure,native american,"prosecutor, judicial, law professor/academia","appointed, elected, nonpartisan","september 15, 2016","january 7, 2025","november 5, 2024"
15,76727ec3-a32d-44e1-94f8-d89c9b6fc1e1,Anne M. Patterson,NJ,female,republican,white,"prosecutor, corporate, government civil (non civil rights), misc. private practice","appointed, leg confirmed","september 1, 2011","april 15, 2029",no-reelection - must be renominated and re-confirmed
16,70acb50c-2b08-442d-aaca-8c3b7d36f325,"Annette Kingsland
  Ziegler",WI,female,republican,white,"prosecutor, misc. private practice, judicial","elected, nonpartisan","august 1, 2007","july 31, 2027","april 6, 2027"
17,a60c8ad4-1291-43cd-a88a-be0b56fdb057,Anthony Cannataro,NY,male,democrat,white,"government civil (non civil rights), judicial","appointed, leg confirmed","june 8, 2021","june 1, 2035",have to be renominated and leg elected
18,071f2c90-6628-45b5-b8ca-bf91c4b9669d,Aruna Masih,OR,female,unsure,indian american,", punjabi",", south asian american","legal aid/non-govt civil rights, plaintiff-side civil private practice, misc. private practice",appointed,"september 1, 2023"
19,65204625-aa15-40ce-9252-d96a6b1e5eb3,Barbara A. Madsen,WA,female,democrat,white,"prosecutor, public defender/other indigent defense, judicial","elected, nonpartisan","january 11, 1993","january 1, 2029","november 7, 2028"
20,e81fc9bc-fdbe-4457-a907-17664f755b65,Barbara Webb,AR,female,unsure,white,"prosecutor, corporate, misc. private practice, judicial, other exec branch experience","elected, nonpartisan","january 1, 2021","december 31, 2028","november 7, 2028"
21,7c371b8c-41e5-42eb-b652-d799dcac8313,Benjamin A. Land,GA,male,unsure,white,"corporate, judicial",appointed,"july 24, 2025","december 31, 2026","november 3, 2026"
22,73ef777e-c237-466c-a529-9be2a187d337,Bert Richardson,TX,male,republican,white,"prosecutor, judicial","elected, partisan","january 1, 2015","december 31, 2026","november 3, 2026"
23,ac032ef3-62e2-494b-a4bf-cf7055379ca5,Beth Baker,MT,female,democrat,white,"prosecutor, defend criminal legal system, government civil (non civil rights), misc. private practice, judicial","elected, retention elected, nonpartisan","january 3, 2011","december 31, 2026","november 3, 2026"
24,ebb362f5-eeb5-4704-9d6a-bbdfdb16f3f0,"Brady E. Mendheim, Jr.",AL,male,republican,white,"prosecutor, misc. private practice, judicial","appointed, elected, partisan","december 28, 2018","january 18, 2027","november 3, 2026"
25,0ab52d75-88a6-45bd-a71f-2c89ff5229f9,Brett Busby,TX,male,republican,white,"corporate, plaintiff-side civil private practice, misc. private practice, judicial","elected, appointed, partisan","march 20, 2019","december 31, 2026","november 3, 2026"
26,1ec142c6-78a6-4e6c-b022-0a5da3b6a324,Brian D. Boatright,CO,male,unsure,white,"prosecutor, misc. private practice, judicial","appointed, retention elected","november 21, 2011","january 13, 2025","november 5, 2024"
27,7207b778-ec75-499a-b70c-8afcf300186d,Brian Hagedorn,WI,male,republican,white,"prosecutor, corporate, judicial, other exec branch experience","elected, nonpartisan","august 1, 2019",2029,april 2029
28,e90caa96-29a2-4633-b4fb-e9d3845e35de,Brian K. Zahra,MI,male,republican,white,"corporate, misc. private practice, judicial","appointed, elected, partisan primary / nonpartisan general",2011,"january 1, 2031","november 5, 2030"
29,e9f4f520-0c3a-4fd1-b402-19aff73cbb20,Briana Zamora,NM,female,democrat,latino,"prosecutor, public defender/other indigent defense, government civil (non civil rights), plaintiff-side civil private practice, misc. private practice, judicial, other exec branch experience","appointed, partisan, elected","august 9, 2021","december 31, 2030","november 5, 2030"
30,ad77811c-7c3a-46c8-b6da-c584604d9c19,Bronson James,OR,male,democrat,white,"public defender/other indigent defense, plaintiff-side civil private practice, misc. private practice, judicial",appointed,"january 1, 2023","january 6, 2025","november 5, 2024"
31,9f03594f-cfbf-4de3-839f-906c75c0bd7d,Bryan K. Gould,NH,male,republican,white,"corporate, other exec branch experience","appointed, exec council confirmation","september 18, 2025",2029 (when he turns 70),no election - governor appointment until retirement age
32,15b328d5-471d-47c4-bbbf-14a980eb810b,Brynja M. Booth,MD,female,unsure,white,"government civil (non civil rights), misc. private practice, other exec branch experience","appointed, leg confirmed, retention elected","march 22, 2019","december 31, 2030","november 5, 2030"
33,373eae0c-e9df-496b-a8df-1434d9ac3b96,C. Shannon Bacon,NM,female,democrat,white,"plaintiff-side civil private practice, misc. private practice, judicial","appointed, elected, partisan","february 4, 2019",december 2026,"november 3, 2026"
34,480a2eff-1e48-419f-ab2f-8795bc40d39c,Cade Cole,LA,male,republican,white,"prosecutor, government civil (non civil rights), judicial","elected, partisan",march 2025,"december 31, 2026","november 3, 2026"
35,5b6641c3-1be7-4ef1-b90b-c7f7621f785a,Caitlin Halligan,NY,female,democrat,white,"prosecutor, corporate, government civil (non civil rights), misc. private practice","appointed, leg confirmed","april 19, 2023","april 19, 2037",have to be renominated and leg elected
36,97091e86-0a9c-4a70-b8f5-cb6a6bbd0241,Caleb Stegall,KS,male,republican,white,"prosecutor, misc. private practice, judicial","appointed, retention elected","december 5, 2014","january 1, 2029","november 7, 2028"
37,ca2359b1-fd18-41b4-a228-0d784f7c9ceb,Carla Wong McMillian,GA,female,republican,asian american,"corporate, misc. private practice, judicial",appointed,"april 10, 2020","december 31, 2028","november 7, 2028"
38,3647f31e-211d-49bd-8a2a-4000a2895300,"Carlos A. Samour, Jr.",CO,male,unsure,latino,"prosecutor, corporate, judicial","appointed, retention elected","july 2, 2018","january 14, 2031","november 5, 2030"
39,4e0b2a65-9f0f-481e-b06f-fb34c3ba9b9a,Carlos G. Muñiz,FL,male,republican,latino,"civil rights for govt, corporate, government civil (non civil rights), legislative experience, other exec branch experience","appointed, retention elected","january 22, 2019","january 5, 2027","november 3, 2026"
40,2226fbdb-a89f-4676-80a1-eb79137f6ebf,Carol A. Corrigan,CA,female,unsure,white,"prosecutor, judicial","appointed, retention elected",2006,"january 5, 2031","november 5, 2030"
41,163abbea-e65c-4bc8-a92a-2b799e477abe,Catharine F. Easterly,DC,female,unsure,white,"public defender/other indigent defense, corporate","appointed, leg confirmed",2011,"november 18, 2026",n/a
42,998a3fc6-e14f-47e7-af79-bd57cb902ebf,Catherine R. Connors,ME,female,unsure,white,"corporate, misc. private practice","appointed, leg confirmed","january 6, 2020","february 3, 2027",n/a - requires reappointment/confirmation
43,079300d2-18e2-43d3-9cea-e19070c9cfe9,Charles J. Bethel,GA,male,republican,white,"corporate, misc. private practice, judicial, legislative experience","appointed, elected, nonpartisan","october 2, 2018","december 31, 2026","november 3, 2026"
44,85c7c3f8-ebcc-4f6f-8a9c-c651e8d9005a,Charles Trump,WV,male,republican,white,"corporate, misc. private practice, judicial, legislative experience","elected, nonpartisan","january 1, 2025","january 1, 2036",
45,a6676821-9dfb-486f-bf0d-15658cfc6c84,Charles W. Johnson,WA,male,democrat,white,"public defender/other indigent defense, plaintiff-side civil private practice, misc. private practice","elected, nonpartisan","january 14, 1991","january 10, 2027","november 3, 2026 - turns 75, age limit, in 2026"
46,0e1a008c-3624-458f-aea5-b3290f8250ad,Chris Garrett,OR,male,democrat,white,"corporate, misc. private practice, judicial, legislative experience","elected, appointed, nonpartisan","january 1, 2019",january 2027,"november 3, 2026"
47,53883952-2405-4b1f-8cb8-f039d1c0aae6,Chris McCool,AL,male,republican,white,"prosecutor, misc. private practice, judicial",elected,2024,,
48,c3d8d206-750d-4413-951f-bf34b56387d2,Christina Nolan,VT,female,republican,white,prosecutor,"appointed, leg retention","february 3, 2026",2029,
49,87f276b2-c247-442b-b004-0e10acd7e391,Christine Donohue,PA,female,democrat,white,"corporate, plaintiff-side civil private practice, misc. private practice, judicial","elected, partisan","january 8, 2016",january 2026,"november 4, 2025"
50,8122d564-c130-494f-8167-1a61fcb8083c,Christopher M Goff,IN,male,republican,white,"public defender/other indigent defense, plaintiff-side civil private practice, misc. private practice, judicial","appointed, retention elected","july 24, 2017","december 31, 2030","november 5, 2030"
51,811aa98a-6d52-4aa1-9bb3-21dcba38574c,Christopher McDonald,IA,male,republican,white,", vietnamese",", asian american","corporate, misc. private practice, judicial","appointed, retention elected","april 5, 2019"
52,dcf53098-de6c-4ee8-bf9f-e22a578aff5e,Christopher Shea Nickell,KY,male,democrat,white,"prosecutor, public defender/other indigent defense, corporate, misc. private practice, judicial, law professor/academia","elected, nonpartisan","december 11, 2019",january 2031,"november 5, 2030"
53,30c97b83-6041-4a00-8d7e-dbe11a8b88a0,Cleo E. Powell,VA,female,democrat,black,"civil rights for govt, corporate, misc. private practice, judicial",leg elected,"august 1, 2011","july 31, 2023",leg will have opp to reappoint at end of term
54,193bd8a1-574b-4c4b-a008-ef3449530390,Clint Bolick,AZ,male,republican,white,"civil rights for govt, other public interest org","appointed, retention elected","january 5, 2016",january 2025,"november 5, 2024"
55,ac52dc42-f43b-4f34-9292-6c5ddf1b75cc,Colleen D. Zahn,ID,female,republican,white,"prosecutor, defend criminal legal system, government civil (non civil rights), misc. private practice","appointed, elected, nonpartisan","july 14, 2021","january 1, 2029","november 7, 2028"
56,10426a27-f505-4218-818a-db145ad39db0,Colleen Melody,WA,female,democrat,white,civil rights for govt,appointed,"january 1, 2026","january 31, 2026","november 3, 2026"
57,aa0871de-267c-4a21-948b-6f55fd559324,"Collins J. Seitz, Jr.",DE,male,democrat,white,"corporate, misc. private practice","appointed, leg confirmed",2015,"november 8, 2031",requires re-nomination and re-confirmation
58,50f718a9-15af-465a-b10c-4042f9fdf15d,Corinne A. Beckwith,DC,female,unsure,white,"public defender/other indigent defense, other public interest org","appointed, leg confirmed","february 3, 2012","february 3, 2027",n/a
59,9da1a615-b4f6-4b5f-a898-69588327e6aa,Cory Swanson,MT,male,unsure,white,"prosecutor, misc. private practice","elected, retention elected","january 6, 2025",,
60,eb80803b-a032-4c37-a197-440c8d9f82aa,Courtney Rae Hudson,AR,female,republican,white,"plaintiff-side civil private practice, misc. private practice, judicial","elected, nonpartisan","january 1, 2011","december 31, 2026","november 3, 2026"
61,d9296fd4-e2ca-4c2a-b308-3e2c5a027bee,Cynthia Meyer,ID,female,unsure,white,"misc. private practice, judicial","appointed, elected, nonpartisan","november 1, 2023","january 4, 2027","november 3, 2026"
62,18c18ff2-7f6b-4513-9d12-45db5754758a,D. Arthur Kelsey,VA,male,republican,white,"corporate, judicial",leg elected,"march 6, 2015","january 31, 2027",leg will have opp to reappoint at end of term
63,a16e24dd-f9bc-4854-8b49-5358c0f6b641,D. Garrison Hill,SC,male,republican,white,"misc. private practice, judicial",leg elected,"february 8, 2023","july 31, 2033",general assembly vote during session
64,ca31abb4-f5f3-4229-bb46-c87544fea39c,Dalila Argaez Wendlandt,MA,female,unsure,latino,"misc. private practice, judicial","appointed, exec council confirmation","december 4, 2020",reaches retirement age in 2038,n/a
65,d53c1d60-7d73-4958-8c44-c4553e74359d,Dan Biles,KS,male,democrat,white,"government civil (non civil rights), misc. private practice, other exec branch experience","appointed, retention elected","january 7, 2009","january 1, 2029","november 7, 2028"
66,4c3cd73f-92b2-4fbb-b864-f568570f07d9,Dan Hawkins,OH,male,republican,white,"prosecutor, judicial","elected, partisan primary / nonpartisan general","december 10, 2024","january 1, 2029",
67,bee9fd18-2d83-4c69-a26b-10df290ad193,Dana Kuehn,OK,female,republican,white,"prosecutor, misc. private practice, judicial","appointed, retention elected","august 2, 2021",january 2027,"november 3, 2026"
68,7f9bb515-df5b-4ed7-9267-170471f42bae,Dana Oxley,IA,female,republican,white,"corporate, misc. private practice, judicial","appointed, retention elected","february 24, 2020","december 31, 2030","november 5, 2030"
69,2e60387d-015f-49cd-836b-667f3d24ec21,Daniel E. Will,NH,male,,white,"prosecutor, corporate, government civil (non civil rights), judicial","appointed, exec council confirmation",tbd,,no election - governor appointed
70,63379790-879d-4b35-a263-6c3a25795341,Daniel J. Crothers,ND,male,republican,white,"prosecutor, misc. private practice","appointed, elected, nonpartisan",2005,"december 31, 2032","november 2, 2032"
71,53b77ae1-bc65-43cb-9df4-dd134e47a8fe,Daniel McCaffery,PA,male,democrat,white,"prosecutor, misc. private practice, judicial",elected,"january 11, 2024","december 31, 2033","november 8, 2033"
72,0a543aa7-ab1c-4fc0-b21a-771a97f556db,Dario Borghesan,AK,male,unsure,white,government civil (non civil rights),appointed,"july 1, 2020","february 2, 2025","november 5, 2024"
73,6ddcc2f0-e4ed-45f6-a792-da48ddde57c8,David K. Overstreet,IL,male,republican,white,"misc. private practice, judicial","elected, partisan","december 7, 2020","december 2, 2030","november 5, 2030"
74,12ce13e6-20e5-4ebb-b887-133f5fbfd902,David K. Thomson,NM,male,democrat,white,"defend criminal legal system, government civil (non civil rights), plaintiff-side civil private practice, misc. private practice, judicial, legislative experience","appointed, elected, partisan","february 4, 2019",december 2026,"november 3, 2026"
75,e4366c31-8e60-4d38-a1ee-8f2bf3610144,David Lewis,OK,male,unsure,black,"prosecutor, misc. private practice, judicial","appointed, retention elected",2005,"january 13, 2025","november 5, 2024"
76,3c86ad3b-2830-4c18-9bc6-e1f88f28bd13,David M. Ishee,MS,male,republican,white,"public defender/other indigent defense, corporate, misc. private practice, judicial","appointed, elected, nonpartisan","september 18, 2017","december 31, 2028","november 7, 2028"
77,8e21ded1-a53d-4b9b-a696-39f6bdd14e5b,David N. May,IA,male,republican,white,"corporate, misc. private practice, judicial",appointed,"july 27, 2022","december 31, 2024","november 8, 2024"
78,459b2983-128a-4686-88e0-a5b9a0fa9b11,David N. Wecht,PA,male,democrat,white,"corporate, plaintiff-side civil private practice, misc. private practice, judicial","elected, partisan","january 7, 2016","january 4, 2026","november 4, 2025"
79,799e5a0e-7910-4bbc-9910-ce393a74c221,David Newell,TX,male,republican,white,prosecutor,"elected, partisan","january 1, 2015","december 31, 2026","november 3, 2026"
80,23fe9df7-9105-42ba-8469-07e2370503b7,David Schneck,TX,male,republican,white,"prosecutor, corporate, government civil (non civil rights), misc. private practice, judicial","elected, partisan","january 1, 2025","january 1, 2031",
81,4471bf30-feff-4e4b-aff2-ae6e7bc83aed,David Sullivan,MS,male,unsure,white,"prosecutor, public defender/other indigent defense, judicial","elected, nonpartisan","january 6, 2025","january 2, 2033",
82,2673f9f3-6a02-4211-953c-55692e418b51,Debra Hembree Lambert,KY,female,democrat,white,"prosecutor, misc. private practice, judicial, other exec branch experience","elected, nonpartisan","january 7, 2019",january 2027,"november 3, 2026"
83,75cd959a-4198-4dde-b549-e08c71387585,Debra L. Stephens,WA,female,democrat,white,"plaintiff-side civil private practice, judicial","appointed, elected, nonpartisan","january 1, 2008","january 10, 2027","november 3, 2026"
84,f3df293c-bf1a-4865-91ae-626a1445efd3,Debra Lehrmann,TX,female,republican,white,"government civil (non civil rights), misc. private practice, judicial","elected, appointed, partisan","june 21, 2010","december 31, 2028","november 7, 2028"
85,f7758727-1b4e-43c1-b28a-b4616af34453,Debra Todd,PA,female,democrat,white,"corporate, plaintiff-side civil private practice, misc. private practice, judicial","elected, retention elected, partisan",2008,"january 3, 2028","november 8, 2027"
86,1f15ded3-c165-4383-947e-b9002c699c2e,Derek Molter,IN,male,unsure,white,"corporate, judicial",appointed,"september 1, 2022",,"november 5, 2024"
87,13aff8ec-a117-48b4-83e3-0482fb7d2307,Derek Vaughn,NE,male,unsure,black,"prosecutor, government civil (non civil rights), judicial",appointed,"november 10, 2025","december 31, 2030","november 5, 2030"
88,fadc5ae0-5660-4809-ae11-c148f20571fe,Diana Hagen*,UT,female,unsure,white,"prosecutor, corporate, misc. private practice, judicial","appointed, leg confirmed",tbd - likely to be confirmed 5/11/2022,tbd,tbd
89,1aabade7-9405-4d30-97c2-e2c955f366ad,Douglas Bahr,ND,male,unsure,white,"prosecutor, government civil (non civil rights), misc. private practice, judicial, other exec branch experience",appointed,"february 1, 2023","december 31, 2025",tbd
90,c6955b29-55a5-4883-a0db-c2767eca7682,Douglas Fasciale,NJ,male,republican,white,"misc. private practice, judicial","appointed, leg confirmed","october 21, 2022","october 1, 2029","no-reelection - must be renominated and re-confirmed - mandatory retirement date is august 17, 2024"
91,4ee554c3-4744-4179-bde5-bd47221d5f99,Douglas Herndon,NV,male,republican,white,"prosecutor, judicial","elected, nonpartisan","january 4, 2021","january 3, 2027","november 3, 2026"
92,983ef476-b7a7-4b07-a84f-48b9d45d2315,Douglas L. Combs,OK,male,democrat,white,"prosecutor, misc. private practice, judicial","appointed, retention elected",2010,"january 1, 2029","november 7, 2028"
93,39464a8c-a8e9-4c3c-8919-2b0941534d3f,Dustin P. Rowe,OK,male,republican,white,"government civil (non civil rights), plaintiff-side civil private practice, misc. private practice, judicial, legislative experience, other exec branch experience","appointed, retention elected","february 24, 2020","january 1, 2029","november 7, 2028"
94,10819579-08ea-43b9-9a68-ebbfa0cca918,Dwight Tarwater,TN,male,republican,white,"plaintiff-side civil private practice, misc. private practice, judicial, law professor/academia, legislative experience, other exec branch experience",appointed,"september 1, 2023",2024,"august 6, 2024"
95,d0a2feff-8658-41b4-85f7-e299b3fd69d3,Edward M. Mansfield,IA,male,unsure,white,"misc. private practice, judicial","appointed, retention elected",2011,"december 31, 2028","november 7, 2028"
96,4e9e674d-fe70-4115-96c7-d84fc4a47de8,Elissa F. Cadish,NV,female,democrat,white,"government civil (non civil rights), misc. private practice, judicial, legislative experience, other exec branch experience","elected, nonpartisan",2019,"january 6, 2025","november 5, 2024"
97,01444955-dafd-4226-8f13-9898568079cb,Elizabeth “Bessie” Dewar,MA,female,democrat,white,"legal aid/non-govt civil rights, civil rights for govt, other public interest org, corporate, government civil (non civil rights), misc. private practice","appointed, exec council confirmation","january 16, 2024","july 4, 2050",n/a
98,d477d314-5717-43b5-b311-2db2eb3642dd,Elizabeth M. Welch,MI,female,democrat,white,misc. private practice,"elected, partisan primary / nonpartisan general","january 1, 2021","january 1, 2029","november 7, 2028"
99,f5c148d6-25f7-4b67-8ce8-69127b62b2b0,Elizabeth Rochford,IL,female,democrat,white,"prosecutor, misc. private practice, judicial","elected, partisan","december 5, 2022","december 6, 2032","november 2, 2032"
100,45e2d754-3393-4a04-b2a8-ae4e24d34be6,Elizabeth T. Clement,MI,female,republican,white,"misc. private practice, legislative experience, other exec branch experience","appointed, elected, partisan primary / nonpartisan general",2017,"january 1, 2027","november 3, 2026"
101,c2b6cc22-e1bc-42a0-8bce-09d4e479d113,Eric S. Rosen,KS,male,democrat,white,"prosecutor, public defender/other indigent defense, misc. private practice, judicial, other exec branch experience","appointed, retention elected",2005,"january 11, 2027","november 3, 2026"
102,0dd6b570-9cfc-44c9-b73a-d70f496510fb,Erin Lynch Prata,RI,female,democrat,white,"misc. private practice, legislative experience","appointed, leg confirmed","january 4, 2021",lifetime,n/a - appointed for life
103,bc438c38-ec68-45dc-a628-8dd3deda146e,Evan Young,TX,male,republican,white,"defend criminal legal system, corporate, government civil (non civil rights), misc. private practice","appointed, elected, partisan","november 1, 2021","december 31, 2028","november 7, 2028"
104,b7b9446f-c9dd-4a5d-a4d1-b338064ff6e2,Fabiana Pierre-Louis,NJ,female,democrat,black,"prosecutor, corporate, plaintiff-side civil private practice, misc. private practice","appointed, leg confirmed","september 1, 2020",september 2027,no-reelection - must be renominated and re-confirmed
105,5d2b4cb8-d17d-447b-be4d-80958d951abc,Frank M. Gaziano,MA,male,unsure,white,"prosecutor, corporate, misc. private practice, judicial","appointed, exec council confirmation","august 18, 2016","reaches retirement age on september 8, 2033",n/a
106,48b77a98-aba8-4d2f-b902-e873b616b593,G. Helen Whitener,WA,female,democrat,black,"prosecutor, public defender/other indigent defense, misc. private practice, judicial","appointed, elected, nonpartisan","april 24, 2020","january 1, 2029",november 2028
107,08d31bca-d92a-4e6d-88d4-69b5948b2334,G. Richard Bevan,ID,male,republican,white,"prosecutor, misc. private practice, judicial","appointed, elected, nonpartisan","september 27, 2017","january 6, 2025","november 5, 2024"
108,fc15dd1b-41f3-475c-a313-c6c12c4d29b2,Gabrielle Wolohojian,MA,female,democrat,white,"corporate, misc. private practice, judicial","appointed, exec council confirmation","february 28, 2024","reaches retirement age on december 26, 2030",n/a
109,6cd56e6b-14ea-4673-be4b-a0e5c2370e55,Gary F. Traynor,DE,male,republican,white,"public defender/other indigent defense, corporate, plaintiff-side civil private practice, misc. private practice","appointed, leg confirmed","july 5, 2017","july 5, 2029",requires re-nomination and re-confirmation
110,4ed04fd0-d864-495f-a557-6317813f264d,Gary Lumpkin,OK,male,republican,white,"prosecutor, government civil (non civil rights), judicial, other exec branch experience","appointed, retention elected",1989,"january 11, 2027","november 3, 2026"
111,19dd45f5-e30d-4004-b059-542ef3b7fa04,Geoffrey G Slaughter,IN,male,republican,white,"corporate, other exec branch experience","appointed, retention elected","june 13, 2016","december 31, 2028","november 7, 2028"
112,33e75871-9274-4c05-96e6-1bfe0430d18c,"George C. James, Jr.",SC,male,republican,white,"defend criminal legal system, corporate, plaintiff-side civil private practice, misc. private practice, judicial",leg elected,"february 7, 2017","july 31, 2030",general assembly vote during session
113,82ce0129-ac06-4c5f-9055-cf6f59483c55,Gerald Titus,WV,male,unsure,white,"prosecutor, public defender/other indigent defense, corporate",appointed,"november 21, 2025","december 31, 2026",november 2026
114,6a9f6a78-bcd8-4656-940f-e8e4fd8e7506,Gina Parker,TX,female,republican,white,"prosecutor, misc. private practice","elected, partisan","january 1, 2025",january 2031,
115,bb04c50f-36c3-45a4-be08-a6b3ef56b134,Ginger Gooch,MO,female,republican,white,"misc. private practice, judicial","appointed, retention elected","november 1, 2023","november 4, 2024","november 5, 2024"
116,92283b43-90fa-4a07-a531-6378f5479088,Goodwin H. Liu,CA,male,democrat,asian american,"corporate, law professor/academia, other exec branch experience","appointed, retention elected","september 1, 2011","january 1, 2035","november 2, 2034"
117,fe314698-9b17-44c2-bb7c-311fcfabb65f,Gordon J. MacDonald,NH,male,republican,white,"prosecutor, corporate, government civil (non civil rights)","appointed, exec council confirmation","march 4, 2021","november 27, 2031 (age of retirement)",no election - governor appointment until retirement age
118,a4145200-13f5-4dc9-bc7a-f5277b67f029,Gordon Moore,MN,male,unsure,white,"prosecutor, government civil (non civil rights), plaintiff-side civil private practice, misc. private practice, judicial","appointed, nonpartisan, elected","august 3, 2020","january 1, 2029","november 7, 2028"
119,0daa1422-b1ce-4800-8305-0fd979264c29,Greg Cook,AL,male,republican,white,"other public interest org, corporate, misc. private practice","elected, partisan","january 16, 2023",january 2029,"november 2, 2028"
120,e9452568-f411-4f70-a534-0546a584bd40,Greg Shaw,AL,male,republican,white,"misc. private practice, judicial","elected, partisan",2009,"january 18, 2027","november 3, 2026"
121,9aad046e-f170-4bd8-896a-3507bd233f29,Gregory T. D’Auria,CT,male,democrat,white,"corporate, government civil (non civil rights)","appointed, leg confirmed","april 10, 2017","march 8, 2025",requires re-nomination and re-confirmation
122,da638bd9-a955-4b0c-a2ba-0964814f780c,Gregory W. Moeller,ID,male,republican,white,"misc. private practice, judicial","appointed, elected, nonpartisan","january 3, 2019","january 4, 2027","november 3, 2026"
123,374f9260-2f5c-4601-a4c2-1a8f8b068c3f,Haley Bunn,WV,female,republican,white,"prosecutor, defend criminal legal system, corporate",appointed,"april 6, 2022",2024,"may 1, 2024"
124,dc1d81c6-26e0-4d4b-bdf0-e5972e957837,"Harold E. Eaton, Jr.",VT,male,unsure,white,"prosecutor, corporate, plaintiff-side civil private practice, misc. private practice, judicial","appointed, leg retention","october 27, 2014","march 31, 2023",vt general assembly votes to retain at end of term
125,cc6380ed-6782-4a8f-8a22-892a3bdc4dab,Holly Kirby,TN,female,republican,white,"corporate, government civil (non civil rights), misc. private practice, judicial","retention elected, appointed","september 1, 2014","september 1, 2030","august 6, 2030"
126,da91d73b-fb51-4172-a841-da4bd7beef00,Ingrid Gustafson,MT,female,unsure,white,"public defender/other indigent defense, plaintiff-side civil private practice, misc. private practice, judicial, other exec branch experience","appointed, elected, retention elected, nonpartisan","january 1, 2018","december 31, 2030","november 5, 2030"
127,094f7523-4192-4601-8330-53537275d8e1,J. Cody Hiland,AR,male,republican,white,"prosecutor, misc. private practice, other exec branch experience",appointed,"july 3, 2023","january 1, 2025","november 7, 2024"
128,1fe4a419-fdc6-474f-ae34-79f7116e0298,James A. Rice,MT,male,republican,white,"public defender/other indigent defense, misc. private practice, legislative experience","appointed, retention elected, elected, nonpartisan",2001,"december 31, 2030","november 5, 2030"
129,4161e1aa-e7cd-4d1f-b398-2e5bcd18777b,James D. Maxwell II,MS,male,republican,white,"prosecutor, corporate, misc. private practice, judicial","appointed, elected, nonpartisan","january 4, 2016","january 5, 2025","november 5, 2024"
130,c93e9e97-fcb9-42ac-b7f2-408529a9f88c,James E. Edmondson,OK,male,democrat,white,"prosecutor, misc. private practice, judicial","appointed, retention elected",2003,january 2025,"november 5, 2024"
131,0f6dd9ed-7c0d-40a6-9c93-ae4f42921cba,James Jeremiah Shea,MT,male,democrat,white,"public defender/other indigent defense, plaintiff-side civil private practice, misc. private practice, judicial","appointed, elected, retention elected, nonpartisan",2014,"december 31, 2028","november 7, 2028"
132,0c9bb88d-3431-451f-962f-13189ad6d2dc,James P. Beene,AZ,male,republican,white,"prosecutor, judicial, other exec branch experience","appointed, retention elected",2019,"january 1, 2029","november 2, 2028"
133,806d486c-db1d-47b4-b639-5788915614c5,James P. Sullivan,TX,male,republican,white,"prosecutor, government civil (non civil rights), misc. private practice, judicial, law professor/academia, legislative experience, other exec branch experience","elected, partisan","january 7, 2025",2026,"november 3, 2026"
134,1dd7299b-ed6f-4af5-ad00-906d7e68614e,James R. Winchester,OK,male,republican,white,"misc. private practice, judicial","appointed, retention elected",2000,"january 1, 2029","november 7, 2028"
135,56f9e501-f128-4a65-978a-b013d3c729e8,Jamie R. Grosshans,FL,female,unsure,white,"prosecutor, misc. private practice, judicial","appointed, retention elected","september 14, 2020",january 2029,"november 7, 2028"
136,18458d3b-2fed-441f-ae67-f36255bfdc6a,Jane Bland,TX,female,republican,white,"corporate, misc. private practice, judicial","elected, appointed, partisan","august 26, 2019","december 31, 2024","november 5, 2024"
137,7f02dc9b-eecf-4811-9141-b4d727797a8a,Janet Protasiewicz,WI,female,democrat,white,"prosecutor, judicial","elected, nonpartisan","july 31, 2023",2033,april 2033
138,05caf8f7-9fad-4498-8de3-279b54784ea0,Jason M. Bergevin,NE,male,republican,white,"prosecutor, public defender/other indigent defense, judicial","appointed, retention elected","january 2, 2025",2028,2028
139,d4196fd7-3bbc-4355-ad13-829366eee8bd,Jay B. McCallum,LA,male,republican,white,"prosecutor, public defender/other indigent defense, misc. private practice, judicial, legislative experience","elected, partisan",november 2020,"december 31, 2026","november 3, 2026"
140,d4555a99-754b-4812-b6e6-619c199a68ee,Jefferson D. Hughes III,LA,male,republican,white,"misc. private practice, judicial","elected, partisan",february 2013,"december 31, 2028","november 7, 2028"
141,e398031d-cbd0-46ce-9537-d5634ec40728,Jeffrey J. Funke,NE,male,republican,white,"prosecutor, public defender/other indigent defense, misc. private practice, judicial","appointed, retention elected","august 2, 2016","january 7, 2027","november 3, 2026"
142,691fada1-88bf-496e-9f80-fefa1a549630,Jeffrey S. Bivins,TN,male,republican,white,"civil rights for govt, corporate, misc. private practice, judicial, other exec branch experience","retention elected, appointed","july 15, 2014","september 1, 2030","august 6, 2030"
143,1c4fa970-2ca4-4f8c-bc25-d9b42632085c,Jenifer Branning,MS,female,unsure,white,"prosecutor, misc. private practice","elected, nonpartisan","january 6, 2025","january 2, 2033",
144,8b5ceedf-f829-48f6-8f4b-c33196f07f1e,Jennifer Brunner,OH,female,democrat,white,"plaintiff-side civil private practice, misc. private practice, judicial, legislative experience, other exec branch experience","elected, partisan primary / nonpartisan general","january 2, 2021","january 1, 2027","november 3, 2026"
145,e4e6ccd4-0454-4421-a558-c8db0925e19c,Jennifer S. Henderson,AK,female,unsure,white,"prosecutor, corporate, misc. private practice, judicial",appointed,"july 7, 2021","february 2, 2025","november 5, 2024"
146,c6bb8d17-fadc-4d72-8e3b-f666d4d4aff0,Jenny Rivera,NY,female,democrat,latino,"legal aid/non-govt civil rights, civil rights for govt, judicial, law professor/academia","appointed, leg confirmed","february 11, 2013","february 10, 2027",have to be renominated and leg elected
147,9c9100ad-c0e4-4ab0-af8f-5695ca03910d,Jerod Tufte,ND,male,republican,white,"prosecutor, corporate, misc. private practice, judicial, other exec branch experience","elected, nonpartisan","january 1, 2017","december 31, 2026","november 3, 2026"
148,21d04df5-da25-457d-ae42-3b0a882f85c0,"Jesse F McClure, III",TX,male,republican,black,"prosecutor, corporate, government civil (non civil rights), misc. private practice, judicial, other exec branch experience","appointed, elected, partisan","january 1, 2021","december 31, 2028","november 7, 2028"
149,0d4a0d26-e2a1-41fa-bd2a-fa36db6eacbb,Jill J. Karofsky,WI,female,democrat,white,"prosecutor, judicial","elected, nonpartisan","august 1, 2020",2030,"april 2, 2030"
150,14f661aa-74ac-4d15-aeea-3c50b52caffd,Jill Pohlman,UT,female,unsure,white,"misc. private practice, judicial","appointed, leg confirmed","august 17, 2022","december 31, 2027","november 8, 2027"
151,6f0fcc65-1ba1-4452-b966-75e9e639ef4e,Jimmy Blacklock,TX,male,republican,white,"civil rights for govt, corporate, government civil (non civil rights), misc. private practice, other exec branch experience","elected, appointed, partisan","january 2, 2018","december 31, 2024","november 5, 2024"
152,0c9df740-34ae-4c77-9488-b9626885c8d0,John Cannon Few,SC,male,republican,white,"plaintiff-side civil private practice, misc. private practice, judicial",leg elected,"february 9, 2016","july 31, 2026",general assembly vote during session
153,6aa06f16-003f-4e95-aa4c-f324d62b7f9f,John D. Couriel,FL,male,republican,latino,"prosecutor, corporate, misc. private practice","appointed, retention elected","june 1, 2020",january 2029,"november 7, 2028"
154,1f89337a-aa63-4399-bb46-dd191eaa3726,John G. Fenn,WY,male,unsure,white,"misc. private practice, judicial",appointed,"january 17, 2022","january 6, 2025",aging out at term end
155,b3a1cb60-3e05-440d-8a8d-000d438ecc63,John Guidry,LA,male,democrat,black,"judicial, legislative experience","elected, partisan","january 1, 2025",,
156,9f572895-4d11-41d5-96f3-0350f87d9ce9,John J. Ellington,GA,male,unsure,white,"misc. private practice, judicial","elected, nonpartisan","december 18, 2018","december 31, 2024","november 5, 2024"
157,de98a1f7-dc22-441c-9cc3-7aee75872885,John Jay Hoffman,NJ,male,independent,white,"prosecutor, misc. private practice, judicial, legislative experience, other exec branch experience, relevant non-legal crime enforcement experience","appointed, leg confirmed","october 1, 2024",,"no-reelection - must be renominated and re-confirmed - mandatory retirement date is august 17, 2024"
158,4be5475b-1ddc-423d-8d44-3bb6aa54a09f,John L. Weimer,LA,male,independent,white,"misc. private practice, judicial, law professor/academia","elected, partisan",2001,"december 31, 2032","november 2, 2032"
159,a77ac19d-84ce-4aec-8217-4e1b682a790c,John Nielsen,UT,male,unsure,white,"prosecutor, corporate, misc. private practice, judicial","appointed, leg confirmed","december 1, 2025",,
160,7dcd847f-dda3-42d6-9be4-65078d1a7905,John P. Howard III,DC,male,democrat,black,"misc. private practice, judicial","appointed, leg confirmed","february 18, 2022",2037,n/a
161,5956fb7c-38bb-4d5d-bb96-45c4cdc73349,John Phillip Devine,TX,male,republican,white,"plaintiff-side civil private practice, misc. private practice, judicial","elected, partisan","january 1, 2013","december 31, 2024","november 5, 2024"
162,535b961c-c7c7-437d-bfa9-42a91fbbc252,John R. Freudenberg,NE,male,republican,white,"prosecutor, plaintiff-side civil private practice, misc. private practice, judicial","appointed, retention elected","july 6, 2018","january 5, 2029","november 7, 2028"
163,40622a61-f790-42a4-916f-a604413127a8,John R. Lopez IV,AZ,male,republican,latino,"prosecutor, corporate, government civil (non civil rights), misc. private practice","appointed, retention elected",2017,"january 4, 2027","november 3, 2026"
164,43b36d09-29ac-4a1b-9420-903e678c7084,John W. Kittredge,SC,male,republican,white,"prosecutor, misc. private practice, judicial",leg elected,2008,"july 31, 2028",general assembly vote during session
165,d7fad026-87e8-44fc-af79-01f7f718d730,Jon J. Jensen,ND,male,republican,white,"corporate, government civil (non civil rights), misc. private practice, judicial","appointed, elected, nonpartisan",2017,"december 31, 2030","november 5, 2030"
166,6f625503-c0b8-4a1e-8445-03b42a39a0b2,Jonathan Biran,MD,male,unsure,white,"prosecutor, corporate, misc. private practice","appointed, leg confirmed, retention elected","december 9, 2019","december 31, 2030","november 5, 2030"
167,1483303b-a43f-4287-a24e-ff37b99daa10,Jonathan J. Papik,NE,male,republican,white,misc. private practice,"appointed, retention elected",2018,"january 5, 2029","november 8, 2022"
168,9b873a67-11bb-499f-a0fc-eb3bc9a82150,Jorge Labarga,FL,male,republican,latino,"prosecutor, public defender/other indigent defense, plaintiff-side civil private practice, judicial","appointed, retention elected","january 6, 2009","january 2, 2029","november 7, 2028"
169,040150bd-7ba3-49b9-b13e-208f0a4d9a7a,Joseph Deters,OH,male,republican,white,"prosecutor, other exec branch experience",appointed,"january 7, 2023","january 1, 2029","november 7, 2028"
170,2dacf4fc-0644-4c60-877d-cb8ccad07ced,Joshua Deahl,DC,male,unsure,white,"public defender/other indigent defense, corporate","appointed, leg confirmed","january 6, 2020","january 6, 2035",n/a
171,4a197da9-edb7-4e71-9d15-ad405bc2085b,Joshua P. Groban,CA,male,democrat,white,"corporate, other exec branch experience",appointed,"december 21, 2018","january 1, 2035","november 2, 2034"
172,72d848ff-5c69-4137-8786-bd6a4dd9977d,Josiah Dennis Coleman,MS,male,republican,white,"corporate, misc. private practice","elected, nonpartisan",2013,"december 31, 2028","november 7, 2028"
173,a375f943-02f7-46ce-aac0-9c3d9a70f0c4,Joy V. Cunningham,IL,female,democrat,black,"government civil (non civil rights), misc. private practice, judicial",appointed,"december 1, 2022",unsure,unsure
174,11eed35e-c3d8-4b11-8e2f-7c1e39fb0a5d,Jude Pate,AK,male,unsure,white,"public defender/other indigent defense, misc. private practice, judicial",appointed,"january 20, 2023",tbd,tbd
175,52d1506c-9dd8-4658-a69e-7f4f38d5121b,Julia M. Lipez,ME,female,democrat,white,"prosecutor, corporate, judicial","appointed, leg confirmed","march 28, 2025","march 28, 2032",n/a - requires reappointment/confirmation
176,cec5b965-4655-4306-a5e7-34118abd1ca2,Julie J. Vargas,NM,female,democrat,latino,"plaintiff-side civil private practice, misc. private practice, judicial","appointed, elected, partisan","january 25, 2021",december 2030,"november 5, 2030"
177,adaef589-afb2-4cff-a7a3-2e9e7084a8ec,Junius P. Fulton III,VA,male,,black,"prosecutor, public defender/other indigent defense, misc. private practice, judicial",leg elected,"january 1, 2026","december 31, 2037",
178,8c1ded06-aadb-409d-80f1-56e22f0cab9c,Karen L. Valihura,DE,female,unsure,white,corporate,"appointed, leg confirmed","july 25, 2014","july 25, 2026",requires re-nomination and re-confirmation
179,8a023aef-19c7-46e2-b8ee-ec01a130d756,Karen R. Baker,AR,male,unsure,white,"public defender/other indigent defense, misc. private practice, judicial","elected, nonpartisan","january 10, 2011","december 31, 2030",may / november 2030
180,ab8772ba-73b5-471b-b151-e4a7ea9b70b9,Kari Gray,WY,female,republican,white,"misc. private practice, other exec branch experience","appointed, retention elected","october 9, 2018","december 31, 2028","november 2, 2027"
181,675966f6-1f55-43c0-8f88-83c28803812c,Karl Procaccini,MN,male,democrat,white,"corporate, law professor/academia, other exec branch experience","appointed, nonpartisan, elected","october 2, 2023","january 1, 2029","november 3, 2026"
182,6183f6bb-ee12-4b13-a1c9-563dc6b5e68c,Kate M. Fox,WY,female,republican,white,"defend criminal legal system, government civil (non civil rights), misc. private practice","appointed, retention elected","january 6, 2014",2024,"november 5, 2024"
183,f659c0c6-14c9-4d16-a8fc-e6e014d7711b,Katherine Biidegaray,MT,female,unsure,white,"government civil (non civil rights), misc. private practice, judicial","elected, retention elected","january 6, 2025",,
184,340d2911-7894-489c-a54b-5147e0d82d3d,Kathryn H. King,AZ,female,unsure,white,"civil rights for govt, corporate, other exec branch experience",appointed,"july 8, 2021","january 4, 2025","november 5, 2024"
185,01cff8bc-f6a8-4462-8dac-91028c97eee2,Kelli Evans,CA,female,democrat,black,"public defender/other indigent defense, legal aid/non-govt civil rights, civil rights for govt, government civil (non civil rights), misc. private practice, judicial, other exec branch experience",appointed,"january 2, 2023","january 1, 2027","november 3, 2026"
186,2589a3a8-5ce2-48bd-bef8-ba43b5ebe896,Kelly C. Broniec,MO,female,republican,white,"prosecutor, misc. private practice, judicial","appointed, retention elected","september 25, 2023","november 4, 2024","november 5, 2024"
187,e85bc36f-2da6-438b-86a2-fe0c0082892e,Kelly Thompson,KY,male,unsure,white,"public defender/other indigent defense, misc. private practice, judicial, other exec branch experience","elected, nonpartisan","january 2, 2023",january 2031,"november 5, 2030"
188,fa5dbc3d-7d58-4993-a108-3ed1ceae08c5,Kenny Griffis,MS,male,republican,white,judicial,"appointed, elected, nonpartisan","february 1, 2019","january 5, 2031","november 5, 2030"
189,e1c6c809-2671-489c-9065-4d1d4220bb81,Kevin Brobson,PA,male,republican,white,"corporate, judicial","elected, partisan","january 1, 2022","january 1, 2032","november 4, 2031"
190,a9cd6150-f10f-4ec1-a96a-6eea0e301db5,Kevin M. Dougherty,PA,male,democrat,white,"prosecutor, misc. private practice, judicial","elected, partisan","january 5, 2016","january 4, 2026","november 4, 2025"
191,c3d69611-1dfb-4aef-991a-23bc02fbaeb4,Kevin Patrick Yeary,TX,male,republican,white,"prosecutor, misc. private practice","elected, partisan","january 1, 2015","december 31, 2026","november 3, 2026"
192,b1cda43d-1675-4393-918a-0c475a4e4b82,Keynen “KJ” Wall Jr.,KS,male,unsure,white,"corporate, misc. private practice, judicial","appointed, retention elected","august 3, 2020","january 1, 2029","november 7, 2028"
193,d6083649-3e12-4114-8aba-097e0ff7650c,Kimberly Ann Thomas,MI,female,democrat,white,"public defender/other indigent defense, other public interest org, law professor/academia","elected, partisan primary / nonpartisan general","january 1, 2025","january 1, 2033",
194,94d8db93-310c-4dd3-8512-46de54a76623,Kimberly S. Budd,MA,female,unsure,black,"prosecutor, misc. private practice, judicial","appointed, exec council confirmation","august 10, 2016","reaches retirement age on october 23, 2036",n/a
195,e0391561-e281-4e9e-9994-1850d3068ce4,Kristina Pickering,NV,male,republican,white,"corporate, misc. private practice","elected, nonpartisan",2009,"january 3, 2027","november 3, 2026"
196,def0301d-38e2-47e7-b10e-83fcc1a34f7d,Kyle D. Hawkins,TX,male,republican,white,"corporate, government civil (non civil rights)","elected, partisan","october 24, 2024",2026,"november 3, 2026"
197,b08a2b52-136f-42ff-95d4-b54d27776190,Kyra Harris Bolden,MI,female,democrat,black,"public defender/other indigent defense, misc. private practice, legislative experience",appointed,"january 1, 2023",unsure,unsure
198,d2acb76b-0e60-440b-8ce9-f4285c17f0ab,Larkin Walsh,KS,female,republican,white,"legal aid/non-govt civil rights, plaintiff-side civil private practice, judicial",appointed,"august 7, 2025","december 31, 2026","november 3, 2026"
199,59f1120e-9d1b-459a-b37f-a610f1684024,Laurie McKinnon,MT,female,unsure,white,"prosecutor, plaintiff-side civil private practice, misc. private practice, judicial","elected, retention elected, nonpartisan",2013,"december 31, 2028","november 7, 2028"
200,9bc0f934-ba4b-4d88-ad5d-927cd86973a8,Lee Finley “Gary”,TX,male,republican,white,misc. private practice,"elected, partisan","january 1, 2025","january 1, 2031",
201,ca9d1785-b921-4a8e-89c4-f7de44418898,Leondra R. Kruger,CA,female,democrat,black,"corporate, government civil (non civil rights), misc. private practice, law professor/academia, other exec branch experience","appointed, retention elected",2015,"january 6, 2031","november 5, 2030"
202,881df837-a6a5-4d4a-b996-252715c1af29,Leslie D. King,MS,male,democrat,black,"prosecutor, public defender/other indigent defense, misc. private practice, judicial, legislative experience, relevant non-legal crime enforcement experience","appointed, elected, nonpartisan",2011,"december 31, 2028","november 7, 2028"
203,159f3278-bc05-4a61-895e-54a7d0699ef3,Letitia Verdin,SC,female,republican,white,"prosecutor, misc. private practice, judicial",leg elected,"august 1, 2024","july 31, 2035",general assembly vote during session
204,3d62991a-3c4f-498d-9bfb-c70334dc9b02,Lidia S. Stiglich,NV,female,unsure,white,"public defender/other indigent defense, defend criminal legal system, misc. private practice, judicial, other exec branch experience","appointed, elected, nonpartisan","december 5, 2016","january 7, 2025","november 5, 2024"
205,1d937bc7-ea91-4e38-bf50-d61b4f24861e,Linda M. Bell,NV,female,unsure,white,"public defender/other indigent defense, misc. private practice, judicial","elected, nonpartisan","january 2, 2023","december 31, 2028","november 7, 2028"
206,199cd719-5588-475b-bd6d-423f053be3d0,Lisa Fair McEvers,ND,female,republican,white,"prosecutor, misc. private practice, judicial, other exec branch experience","appointed, elected, nonpartisan","january 1, 2014","december 31, 2028","november 7, 2028"
207,525434f7-8654-4264-a4c5-095ad328749b,Lisa Ginoza,HI,female,unsure,asian american,", pacific islander","prosecutor, defend criminal legal system, corporate, government civil (non civil rights), misc. private practice, judicial, law professor/academia","appointed, leg confirmed","january 12, 2024","january 12, 2034"
208,dd7bbf06-c4a0-4a1f-9901-31669da2e9a8,Lisa Holder White,IL,female,republican,black,"prosecutor, public defender/other indigent defense, misc. private practice, judicial",appointed,"july 7, 2022","december 5, 2022","november 8, 2022"
209,74404c06-c607-4c24-828b-ec637ea41194,Loretta H. Rush,IN,female,republican,white,"corporate, plaintiff-side civil private practice, misc. private practice, judicial","appointed, retention elected","november 7, 2012","december 31, 2024","november 5, 2024"
210,00d226ed-551d-400d-9d10-f9676891333b,Lynne Boomgaarden,WY,female,republican,white,"misc. private practice, law professor/academia, other exec branch experience","appointed, retention elected","february 20, 2018","december 31, 2028","november 2, 2027"
211,4107ac49-8bcb-4b61-ae73-bc68912ab561,"M. John Kane, IV",OK,male,republican,white,"government civil (non civil rights), misc. private practice, judicial","appointed, retention elected",2019,"january 11, 2027","november 3, 2026"
212,5b06b941-634e-4cb9-9174-dd1f02b52ebe,Madeline Singas,NY,female,democrat,white,prosecutor,"appointed, leg confirmed","june 8, 2021","june 8, 2035",have to be renominated and leg elected
213,f90715bc-824b-4a1a-8288-8dbeb178597d,Maria E. Berkenkotter,CO,female,unsure,white,"corporate, government civil (non civil rights), judicial",appointed,"january 1, 2021","january 1, 2025","november 5, 2024"
214,c418559c-ad3d-4c10-9cd5-d6d62852d06a,Maria Elena Cruz,AZ,female,democrat,black,", latino","prosecutor, public defender/other indigent defense, misc. private practice, judicial",appointed,"february 3, 2025",2028
215,2ca7a7b4-335a-4507-96c1-ec8439586731,Mark E. Salter,SD,male,republican,white,"prosecutor, public defender/other indigent defense, corporate, misc. private practice, judicial","appointed, retention elected","july 9, 2018",january 2031,"november 5, 2030"
216,ad704bcc-18b9-4565-81a2-9c25be1eac4d,Mark S Massa,IN,male,republican,white,"prosecutor, misc. private practice, other exec branch experience","appointed, retention elected","april 2, 2012","december 31, 2024","november 8, 2022"
217,3aebc8cc-54e6-457c-b895-70f93a97b325,Marla Luckert,KS,female,republican,white,"misc. private practice, judicial","appointed, retention elected","january 13, 2003","january 1, 2029","november 7, 2028"
218,ce55b966-1bcb-44ae-b2ce-f079afe52291,Mary Kay O’Brien,IL,female,democrat,white,"prosecutor, government civil (non civil rights), misc. private practice, judicial, legislative experience","elected, partisan","december 5, 2022","december 6, 2032","november 2, 2032"
219,638ba42c-52b2-4884-848e-c9add059a9ac,Mary L. Wagner,TN,female,republican,white,"corporate, misc. private practice, judicial","appointed, leg confirmed","september 1, 2024",2026,
220,a97a804e-d1ed-4087-893c-34f948f9a91d,Mary Lou Keel,TX,female,republican,white,prosecutor,"elected, partisan","january 1, 2017","december 31, 2028","november 7, 2028"
221,f69d9763-6851-4e98-a3c9-14ee33a566ec,Mary R. Russell,MO,female,democrat,white,"misc. private practice, judicial","appointed, retention elected",2004,"december 31, 2030","november 5, 2030"
222,fc2771e5-9c89-47f8-ac25-c19463019264,Matthew B. Durrant,UT,male,republican,white,"misc. private practice, judicial","appointed, retention elected, leg confirmed",2000,"january 5, 2025","november 5, 2024"
223,f635b89e-586a-4de4-bfbd-4851a4562b9a,Matthew Fader,MD,male,unsure,white,"corporate, government civil (non civil rights), judicial","appointed, leg confirmed","april 15, 2022",unsure,unsure
224,f91288e7-db3f-4624-80aa-a426806c5adc,Matthew McDermott,IA,male,republican,white,"public defender/other indigent defense, corporate, misc. private practice","appointed, retention elected","april 3, 2020","december 31, 2022","november 8, 2022"
225,f2dd47a4-123e-4c15-a3cf-4d0ee7cd6db3,Maureen McKenna Goldberg,RI,female,unsure,white,"prosecutor, defend criminal legal system, plaintiff-side civil private practice, misc. private practice, judicial","appointed, leg confirmed",1997,lifetime,n/a - appointed for life
226,eafceebf-4802-45ae-b33d-083b78cce4e1,Meagan Aileen Flynn,OR,female,democrat,white,"plaintiff-side civil private practice, misc. private practice, judicial","elected, appointed, nonpartisan",2017,"january 6, 2025","november 5, 2024"
227,91d424b9-d009-4027-91e1-ebab5798053d,Megan K. Cavanagh,MI,female,democrat,white,"legal aid/non-govt civil rights, defend criminal legal system, corporate, misc. private practice","elected, partisan primary / nonpartisan general","january 1, 2019","january 1, 2027","november 3, 2026"
228,d80501f4-78a2-4587-befc-92988f021eaa,Megan Shanahan,OH,female,republican,white,"prosecutor, judicial","elected, partisan primary / nonpartisan general","january 1, 2025","january 1, 2029",
229,db6f2ad5-1fd1-4d3f-937b-0decab0aa973,Melissa A. Long,RI,female,democrat,black,"public defender/other indigent defense, government civil (non civil rights), judicial, other exec branch experience","appointed, leg confirmed","january 11, 2021",lifetime,n/a - appointed for life
230,aa6ed2f3-2c9b-4aa6-a9b2-3508a109af03,Melissa Beth Countway,NH,female,unsure,white,"prosecutor, government civil (non civil rights), plaintiff-side civil private practice, misc. private practice, judicial","appointed, exec council confirmation","january 2, 2024",c 2041 (age of retirement),no election - governor appointed
231,98b4480f-5e43-4663-ad13-60c944d0c56c,Melissa Taylor Standridge,KS,female,unsure,white,"misc. private practice, judicial","appointed, retention elected","december 14, 2020",january 2029,"november 7, 2028"
232,7689d75e-0994-43c8-a550-351fff07bfde,Meredith Sasso,FL,female,republican,latino,", cuban american","corporate, other exec branch experience","appointed, retention elected","may 25, 2023","january 3, 2025"
233,af1edcfe-0d40-423d-9376-f0c718862d18,Michael E. Vigil,NM,male,democrat,white,"plaintiff-side civil private practice, misc. private practice, judicial","elected, partisan, retention elected","december 31, 2018","december 31, 2030","november 5, 2030"
234,36a1f48e-8193-4a96-8e91-1556143e9beb,Michael J. Garcia,NY,male,republican,latino,"prosecutor, corporate, misc. private practice, other exec branch experience, relevant non-legal crime enforcement experience","appointed, leg confirmed","february 8, 2016","february 7, 2030",have to be renominated and leg elected
235,a23b21fb-d739-4a6a-971d-7fb112432e32,Michael K. Randolph,MS,male,republican,white,"corporate, plaintiff-side civil private practice, misc. private practice","appointed, elected, nonpartisan",2004,"december 31, 2028","november 7, 2028"
236,2d1656a8-1862-4700-b68e-d31fe2c061af,Michael Noriega,NJ,male,democrat,latino,"public defender/other indigent defense, legal aid/non-govt civil rights, misc. private practice","appointed, leg confirmed","june 30, 2023","june 1, 2030",no re-election - will serve 7 years and then may be nominated for full term
237,c590a51f-2576-4a9e-8b17-219505597596,Michael P. Drescher,VT,male,unsure,white,"prosecutor, corporate, government civil (non civil rights), misc. private practice","appointed, leg retention","february 3, 2026",2029,
238,d35870e4-f671-40d8-9d01-4f803a5272f7,Michelle M. Keller,KY,female,democrat,white,"prosecutor, misc. private practice, judicial","appointed, elected, nonpartisan","april 3, 2013",january 2031,"november 5, 2030"
239,10e37d1b-00d7-4f39-b6d2-d55776d5776c,Monica M. Márquez,CO,female,democrat,latino,"prosecutor, corporate, government civil (non civil rights)","appointed, retention elected","december 10, 2010","january 13, 2025","november 5, 2024"
240,05469b8a-da72-449a-b855-edb860f1f6be,N. Christopher Griffiths,DE,male,unsure,black,corporate,"appointed, leg confirmed","may 3, 2023",2035,requires re-nomination and re-confirmation
241,b0ce4d8f-2b13-4f08-bc46-64aaa30d31e5,Nancy Waples,VT,female,unsure,asian american,"prosecutor, public defender/other indigent defense, judicial","appointed, leg retention","march 25, 2022",unsure,unsure
242,698534d0-594a-47f6-88bb-5dbe45f50dc4,Natalie E. Hudson,MN,female,democrat,black,"prosecutor, legal aid/non-govt civil rights, government civil (non civil rights), misc. private practice, judicial","appointed, elected, nonpartisan","november 20, 2015","january 1, 2029","november 7, 2028"
243,9c602794-b126-402f-bbfe-3e34cdf49cee,Nels S.D. Peterson,GA,male,republican,white,"corporate, government civil (non civil rights), judicial, other exec branch experience","appointed, elected, nonpartisan","january 1, 2017","december 31, 2024","november 5, 2024"
244,dd666b8e-05ae-4683-9c44-bd674ee9b58b,Noma Diane Gurich,OK,female,unsure,white,"corporate, misc. private practice, judicial","appointed, retention elected","february 15, 2011","january 12, 2025","november 5, 2024"
245,1d3742df-c14b-4937-a1e5-78c1c470deaf,Nora Dannehy,CT,female,democrat,white,"prosecutor, other exec branch experience","appointed, leg confirmed","september 27, 2023",2031,requires re-nomination and re-confirmation
246,452700af-b52a-4c4f-a0ff-c81ca93fd70e,"P. Scott Neville, Jr.",IL,male,democrat,black,"legal aid/non-govt civil rights, plaintiff-side civil private practice, misc. private practice, judicial, other exec branch experience","appointed, elected, partisan","june 15, 2018","december 2, 2030","november 5, 2030"
247,7df07dc5-5e6c-484f-b8be-8cb8b2073f90,Paige Petersen,UT,female,unsure,white,"prosecutor, misc. private practice, judicial","appointed, leg confirmed, retention elected","january 19, 2018","january 1, 2033","november 2, 2032"
248,5697afb1-5eb9-43dc-a6d8-5cf8e3682c80,Pamela R. Goodwine,KY,female,unsure,black,"corporate, misc. private practice, judicial, other exec branch experience","elected, nonpartisan","january 6, 2025",,
249,030691b0-d63b-4a79-912b-eb32b312a3e5,Patricia Guerrero,CA,female,democrat,latino,"prosecutor, corporate, misc. private practice, judicial","appointed, retention elected","confirmed march 22, 2022","january 1, 2035","november 2, 2034"
250,4e962215-abd3-4343-a395-3e6c22315b39,Patricia J. DeVaney,SD,female,republican,white,"prosecutor, government civil (non civil rights), judicial","appointed, retention elected","may 24, 2019","january 1, 2031","november 5, 2030"
251,ee60504e-9900-42b3-b70a-1e8e3703eba8,Patricia Lee,NV,female,unsure,black,", asian american","corporate, misc. private practice",appointed,"november 21, 2022","january 6, 2024"
252,f2eaabe4-bfa8-4d9b-8bfa-dd7d0cdc402e,Patrick E. Donovan,NH,male,republican,white,"prosecutor, corporate, government civil (non civil rights), misc. private practice, legislative experience","appointed, exec council confirmation","may 8, 2018","may 8, 2034  (age of retirement)",no election - mandatory retirement at age 70 before renomination/confirmation
253,ef5bfca5-803e-40ec-8d7c-0c98f6311190,Patrick F. Fischer,OH,male,republican,white,"corporate, judicial","elected, partisan primary / nonpartisan general","january 1, 2017","december 31, 2028","november 7, 2022"
254,922d6a80-e1a5-4a6f-a2d2-73b6d8854a6a,Paul A. Suttell,RI,male,republican,white,"misc. private practice, judicial, legislative experience","appointed, leg confirmed",2003,lifetime,n/a - appointed for life
255,57b05556-fdb4-4216-9dc1-c3f95fe0d7d7,Paul C. Thissen,MN,male,democrat,white,"public defender/other indigent defense, corporate, misc. private practice, legislative experience","appointed, elected, nonpartisan",2018,"january 5, 2027","november 3, 2026"
256,f74c34fa-d1ba-45f0-9645-302652800c5c,Paul C. Wilson,MO,male,democrat,white,"legal aid/non-govt civil rights, corporate, government civil (non civil rights), misc. private practice, judicial, other exec branch experience","appointed, retention elected",2013,"december 31, 2026","november 3, 2026"
257,94168e63-d7fc-4d62-8c96-3b07723bd4c7,Paul L. Reiber,VT,male,republican,white,misc. private practice,"appointed, leg retention","december 17, 2004","march 31, 2023",vt general assembly votes to retain at end of term
258,0ada1251-58dd-4120-8913-b491aa175c5d,Paul Newby,NC,male,republican,white,"prosecutor, corporate, misc. private practice","elected, partisan","january 1, 2005","january 1, 2029","november 7, 2028"
259,4b5be446-6f53-4f53-957b-5f1e9c03dc33,Peter K. Killough,MD,male,unsure,black,"prosecutor, corporate, misc. private practice, judicial","appointed, leg confirmed","july 31, 2024","december 31, 2026",november 2028?
260,02364221-743c-487d-903e-c31b7b78562a,Philip Berger Jr.,NC,male,republican,white,"prosecutor, misc. private practice, judicial","elected, partisan","january 1, 2021","january 1, 2029","november 7, 2028"
261,eb6793c2-07d4-489a-97e0-6cce6831a146,Piper D. Griffin,LA,female,democrat,black,"misc. private practice, judicial","elected, partisan","january 1, 2021","december 31, 2030","november 5, 2030"
262,2d967942-7029-46c1-8293-83ca82bfe631,R. Patrick DeWine,OH,male,republican,white,"corporate, judicial, legislative experience","elected, partisan primary / nonpartisan general","january 2, 2017","january 1, 2029","november 7, 2022"
263,ae8fb3f1-d5b9-4af6-9e90-c3efdccfbe9f,Rachel Wainer-Apter,NJ,female,democrat,white,"legal aid/non-govt civil rights, civil rights for govt","appointed, leg confirmed","october 21, 2022","october 1, 2029","no-reelection - must be renominated and re-confirmed - mandatory retirement date is august 17, 2024"
264,d4ae15ff-6f7a-4146-a552-f91af651b3c0,Raheem L. Mullins,CT,male,democrat,black,"prosecutor, judicial","appointed, leg confirmed","november 1, 2017","november 1, 2025",requires re-nomination and re-confirmation
265,b373b583-fca3-4452-9eba-beeaa8ba7f27,Raquel Montoya-Lewis,WA,female,democrat,latino,", native american","misc. private practice, judicial, law professor/academia","appointed, elected, nonpartisan","january 6, 2020","january 10, 2027"
266,539dc8a9-6779-4ffe-a062-ba445b931690,Rebeca Aizpuru Huddle,TX,female,republican,latino,"corporate, misc. private practice, judicial","appointed, elected, partisan","october 30, 2020","december 31, 2028","november 7, 2028"
267,5e450a73-767f-4eff-aca5-82d488e60495,Rebecca Duncan,OR,female,democrat,white,"public defender/other indigent defense, judicial","elected, appointed, nonpartisan",2017,"january 6, 2025","november 5, 2024"
268,ae61125a-9f4f-48e5-b688-94028c71fbb8,Rebecca Frank Dallet,WI,female,democrat,white,"prosecutor, judicial","elected, nonpartisan","august 1, 2018",2028,april 2028
269,1ac2fc93-206f-4e97-9094-1e05ca4bbc50,Rebecca Grassl Bradley,WI,female,republican,white,"corporate, misc. private practice, judicial","appointed, elected, nonpartisan","october 12, 2015",2026,april 2026
270,fc9e614c-3b4d-4d57-8794-7a4488743c4f,Renatha Francis,FL,female,republican,black,"misc. private practice, judicial","appointed, retention elected","september 1, 2022","december 31, 2024","november 8, 2024"
271,7d84b45a-d9b3-4173-8c04-2ce6487f02d3,Rhonda K. Wood,AR,female,republican,white,"misc. private practice, judicial, law professor/academia, other exec branch experience","elected, nonpartisan","january 1, 2015","december 31, 2030",may / november 2030
272,00a17589-3262-47fb-918b-be5c883fc81a,Richard Bernstein,MI,male,democrat,white,"legal aid/non-govt civil rights, plaintiff-side civil private practice, misc. private practice","elected, partisan primary / nonpartisan general","january 1, 2015","january 1, 2031","november 5, 2030"
273,ffe639c7-465a-40be-8a5d-d82b9feb657a,Richard Darby,OK,male,republican,white,"plaintiff-side civil private practice, misc. private practice, judicial","appointed, retention elected",2018,january 2027,"november 3, 2026"
274,79112cf7-1822-4847-ad2a-96adb93781b6,Richard Dietz,NC,male,republican,white,"corporate, misc. private practice, judicial","elected, partisan","january 2, 2023","january 1, 2031","november 5, 2030"
275,87faf93c-8de0-44e2-a79f-19fc3103546d,Richard L. Gabriel,CO,male,democrat,white,"prosecutor, corporate, plaintiff-side civil private practice, judicial","appointed, retention elected","june 23, 2015","january 7, 2029","november 7, 2028"
276,e8ec359f-0070-4ff5-a6ad-515ebb303ab3,Rick Lawrence,ME,male,unsure,black,"corporate, judicial","leg confirmed, appointed","may 4, 2022","may 4, 2029",n/a - requires reappointment/confirmation
277,ecfa2f76-4428-496a-8a4d-9c446d75e658,Robert B. Conley,KY,male,unsure,white,"corporate, misc. private practice, judicial","elected, nonpartisan","january 4, 2021","january 1, 2029","november 7, 2028"
278,1677287a-5201-448f-a5e6-0cd92bb619af,Robert Gusinsky,SD,male,unsure,white,"prosecutor, corporate, plaintiff-side civil private practice, misc. private practice, judicial",appointed,"december 8, 2025",2026,"november 1, 2026"
279,9e188947-cb17-4513-8948-bcd425c7b093,Robert Hudson,OK,male,republican,white,"prosecutor, misc. private practice, judicial","appointed, retention elected",2015,"january 11, 2027","november 3, 2026"
280,37cad1dd-3e63-4c29-99a7-6ede21576bc2,Robert Jarosh,WY,male,unsure,white,corporate,"appointed, retention elected","march 27, 2024",2026 (retention election),"november 5, 2024"
281,937474ce-7ed1-4cca-bb05-9920a9417d4b,Robert P. Chamberlin,MS,male,republican,white,"prosecutor, plaintiff-side civil private practice, misc. private practice, judicial, legislative experience","elected, nonpartisan","january 3, 2017","january 5, 2025","november 5, 2024"
282,82f935ce-77c0-4d13-b048-819558202861,Robin Ransom,MO,female,unsure,black,"prosecutor, public defender/other indigent defense, judicial","appointed, retention elected","june 8, 2021","december 31, 2034","november 7, 2034"
283,3415fa46-9cb8-4952-8b63-3ed6f41119b7,Robyn M. Brody,ID,female,republican,white,"corporate, misc. private practice","elected, nonpartisan","january 2, 2017","january 1, 2029","november 7, 2028"
284,9d820945-3274-4575-8609-85c44db06798,Roger DeHoog,OR,male,unsure,asian american,"public defender/other indigent defense, government civil (non civil rights), misc. private practice, judicial, other exec branch experience","appointed, elected, nonpartisan","january 19, 2022","january 1, 2029","november 7, 2028"
285,4a4a2f48-7237-43bc-b55e-58a0350a1eb5,Ron D. Parraguirre,NV,male,republican,white,"corporate, misc. private practice, judicial, legislative experience","elected, nonpartisan","january 3, 2005","december 31, 2028","november 7, 2028"
286,b3312a9e-8529-4d3f-a52f-3ce4c5824f38,Rowan D. Wilson,NY,male,democrat,black,"corporate, misc. private practice","appointed, leg confirmed","february 6, 2017","december 31, 2030",have to be renominated and leg elected
287,d79f7cfd-b7c0-46b1-8852-75e71b7cd611,Roy W. McLeese,DC,male,unsure,white,"prosecutor, government civil (non civil rights)","appointed, leg confirmed",2012,"may 24, 2027",n/a
288,61d15f9f-4d14-4731-822f-dcbaa4a316ef,Sabrina S. McKenna,HI,female,democrat,asian american,"corporate, misc. private practice, judicial, law professor/academia","appointed, commission retained, leg confirmed","march 3, 2011","march 2, 2031",requires majority of commission members approval
289,3b67eba7-0212-49f1-a6c0-8d8ca7ae31c8,Sal Mungia,WA,male,democrat,asian-mexican american,"corporate, misc. private practice","elected, nonpartisan","january 13, 2025",,
290,b28684b0-ff0e-4cb8-9667-897bb9b12c03,Sallie Updyke Mundy,PA,female,republican,white,"public defender/other indigent defense, corporate, plaintiff-side civil private practice, misc. private practice, judicial","appointed, elected, partisan","july 21, 2016","december 31, 2027","november 8, 2027"
291,8a9ec5d8-0919-40f8-a95e-2609d747c7f3,Sanjay T. Tailor,IL,male,democrat,indian american,"prosecutor, corporate, judicial",appointed,"january 29, 2026","december 31, 2028","november 7, 2028"
292,1abfa1fd-6835-4c1a-94ae-22c248cb6f78,Sarah H. Stewart,AL,female,republican,white,"misc. private practice, judicial","elected, partisan","january 11, 2019","january 19, 2025","november 5, 2024"
293,58a3715a-18be-48ef-8f38-1f0b86096e6d,Sarah Hawkins Warren,GA,female,republican,white,"corporate, government civil (non civil rights), other exec branch experience","appointed, elected, nonpartisan","september 17, 2018","december 31, 2026","november 3, 2026"
294,64d4e9e3-f9d3-4f8a-91d4-07488d343be1,Sarah Hennesy,MN,female,unsure,white,"public defender/other indigent defense, other public interest org, corporate, government civil (non civil rights), plaintiff-side civil private practice, misc. private practice, judicial, other exec branch experience","appointed, elected, nonpartisan","may 13, 2024","january 1, 2029","november 3, 2026"
295,68600929-32de-44f2-b01f-7f30b2aa7f77,Sarah Keeton Campbell,TN,female,republican,white,"prosecutor, government civil (non civil rights), misc. private practice","appointed, leg confirmed, retention elected","february 10, 2022","september 1, 2030","august 6, 2030"
296,93180aeb-cffe-4347-a5b3-d13abe69365b,Scott L. Kafker,MA,male,republican,white,"corporate, misc. private practice, judicial, other exec branch experience","appointed, exec council confirmation","august 21, 2017","reaches retirement age on april 24, 2029",n/a
297,e6fe820e-d934-4f40-93c6-f999a2fa175a,Scott P. Myren,SD,male,republican,white,"misc. private practice, judicial",appointed,"january 5, 2021","january 7, 2025",november 2024
298,8b701abd-9d07-43aa-9381-848982c9a25a,Scott Rowland,OK,male,republican,white,"prosecutor, defend criminal legal system, other exec branch experience","appointed, retention elected",2017,"january 13, 2025","november 5, 2024"
299,2883c4be-ea3d-4aab-a334-2d91fac126b8,Scott Walker,TX,male,republican,white,plaintiff-side civil private practice,"elected, partisan","january 1, 2017","december 31, 2028","november 7, 2028"
300,20eda452-6e0f-4514-a537-dd51fc9edb7b,"Serge Georges, Jr.",MA,male,unsure,black,"corporate, misc. private practice, judicial","appointed, exec council confirmation","december 16, 2020",reaches retirement age in 2039,n/a
301,1d454b40-c74f-4ee4-8e79-c70d336ccebd,Sharon L. Kennedy,OH,female,republican,white,"government civil (non civil rights), misc. private practice, judicial, relevant non-legal crime enforcement experience","elected, partisan primary / nonpartisan general","december 7, 2012","december 31, 2026","november 3, 2026"
302,bb817c62-d2a4-4ad6-8eee-caf90fe9e6f4,Shawn A. Womack,AR,male,republican,white,"plaintiff-side civil private practice, misc. private practice, judicial, legislative experience","elected, nonpartisan","january 1, 2017","december 31, 2024","november 5, 2024"
303,aa21354c-5ffc-43e5-bdb7-7601d8d07445,Shawn Ellen LaGrua,GA,female,unsure,white,"prosecutor, judicial, other exec branch experience",appointed,"january 19, 2021","december 31, 2028","november 7, 2028"
304,2e69f989-5210-45e9-a4e6-cf88cd8db162,Sheryl Gordon McCloud,WA,female,democrat,white,"public defender/other indigent defense, corporate","elected, nonpartisan","january 1, 2013",january 2025,november 2024
305,9bab38d0-31d2-4389-9e64-40bc0285cd7a,Shirley M. Watts,MD,female,democrat,black,"prosecutor, public defender/other indigent defense, judicial","appointed, leg confirmed, retention elected","july 31, 2013","december 31, 2024","november 5, 2024"
306,e5ad1b6f-cc86-49f3-a17f-b4d9a52c780a,Shirley Troutman,NY,female,democrat,black,"prosecutor, government civil (non civil rights), judicial","appointed, leg confirmed","january 12, 2022","january 12, 2036",have to be renominated and leg elected
307,f08cfae8-3216-49c4-b5f3-883a7ad91978,Stephanie F. Stacy,NE,female,republican,white,"misc. private practice, judicial","appointed, retention elected","september 28, 2015","gov. pete ricketts (r) appointed stacy on august 14, 2015, following the retirement of justice kenneth stephan.[1] she was retained by voters in 2018.","november 5, 2024"
308,4d6ba82c-af61-4103-be19-96f95e6cfd25,Stephen Bushong,OR,male,unsure,white,"prosecutor, defend criminal legal system, government civil (non civil rights), misc. private practice, judicial",appointed,"january 1, 2023","january 6, 2025","november 5, 2024"
309,12932950-1bf5-49b7-9047-2dbd9cb20faa,"Stephen R.
McCullough",VA,male,republican,white,"prosecutor, judicial",leg elected,"march 3, 2016","march 2, 2028",leg will have opp to reappoint at end of term
310,388683b2-2aea-4ef3-92e9-bb4f4ffe57d4,Steven A. González,WA,male,democrat,latino,"prosecutor, corporate, judicial","appointed, elected, nonpartisan","january 1, 2012","january 13, 2025","november 5, 2024"
311,0ef88076-bef0-4c75-a5cf-dce9bc21c072,Steven B. Gould,MD,male,unsure,white,"corporate, plaintiff-side civil private practice, misc. private practice, judicial","appointed, leg confirmed","september 11, 2021","december 31, 2032","november 2, 2032"
312,7e646232-bdcb-46b6-98b2-f4cc41b9be55,Steven D. Ecker,CT,male,democrat,white,"corporate, plaintiff-side civil private practice, misc. private practice, judicial","appointed, leg confirmed","may 3, 2018","may 3, 2026",requires re-nomination and re-confirmation
313,723e159a-90f6-4857-b660-e3f4c3d5c4a7,Steven R. Jensen,SD,male,republican,white,"misc. private practice, judicial","appointed, retention elected","november 3, 2017","january 5, 2029","november 7, 2028"
314,a845f3c1-3d96-438c-982a-d606c2d4cbbc,Stuart Rabner,NJ,male,democrat,white,"prosecutor, government civil (non civil rights), other exec branch experience","appointed, leg confirmed","june 29, 2007","june 30, 2030",no-reelection - must be renominated and re-confirmed
315,dd03c767-099e-4798-ae6d-a70177496af5,Susan Christensen,IA,female,republican,white,"prosecutor, defend criminal legal system, misc. private practice, judicial","appointed, retention elected",2018,"december 31, 2028","november 7, 2028"
316,f885efeb-3649-4ee8-93f9-6b3b4fa17767,Susan Crawford,WI,female,democrat,white,"prosecutor, legal aid/non-govt civil rights, defend criminal legal system, plaintiff-side civil private practice, judicial, other exec branch experience",elected,"august 1, 2025","december 31, 2035","november 1, 2035"
317,c0ae506b-40a3-4f8c-b26f-464542dae3c0,Susan M. Carney,AK,female,unsure,white,"public defender/other indigent defense, civil rights for govt","appointed, retention elected","may 12, 2016","february 1, 2031","november 5, 2030"
318,d1b0d7bc-09d1-44f4-9d06-ccfbbddbb520,Tamara Barringer,NC,female,republican,white,"corporate, misc. private practice, legislative experience","elected, partisan","january 1, 2021","january 1, 2029","november 7, 2028"
319,19da0a0f-0177-481f-9749-80ec4e64a0aa,Teresa M. Chafin,VA,female,republican,white,"misc. private practice, judicial",leg elected,"september 1, 2019","august 31, 2031",leg will have opp to reappoint at end of term - chafin will turn 73 in 2028 (before term ends)
320,27557ae9-4a2e-4401-b5fb-f7c5f66fec65,Theodora Gaitas,MN,female,unsure,white,"public defender/other indigent defense, judicial","appointed, elected, nonpartisan","august 1, 2024","january 1, 2026","november 3, 2026"
321,42b5394a-607c-4cfe-8d88-81e6f7e2cce6,Thomas D. Waterman,IA,male,republican,white,"plaintiff-side civil private practice, misc. private practice","appointed, retention elected",2011,"december 31, 2028","november 7, 2028"
322,07bd8983-385b-460d-8e3c-0516b36e1b3a,Thomas Ewing,WV,male,republican,white,"misc. private practice, judicial",appointed,"august 7, 2025",2026,"may 1, 2026"
323,e0342734-f2d9-4ffe-9029-4bd8386f57c1,Thomas Mann,VA,male,unsure,white,"plaintiff-side civil private practice, misc. private practice, judicial",leg elected,"july 1, 2022","june 30, 2034","leg election by june 30, 2034"
324,6835572b-8ee4-463a-9b7f-16724cdf871f,Todd W. Eddins,HI,male,unsure,white,"public defender/other indigent defense, misc. private practice, judicial","appointed, leg confirmed","december 11, 2020","december 11, 2030",requires majority of commission members approval
325,e8d969ae-a68f-4e3f-bfc5-e06b89f6dfef,Tommy Bryan,AL,male,republican,white,"government civil (non civil rights), judicial, other exec branch experience","elected, partisan",2013,"january 19, 2025","november 5, 2024"
326,4fc859d2-1767-4f56-a7d5-7ec81b468b8f,Travis Jett,OK,male,republican,white,"corporate, misc. private practice, other exec branch experience",appointed,"april 14, 2025",december 2026,"november 1, 2026"
327,9149f456-b397-4145-b5d4-56b34df9f66e,Trey Allen,NC,male,republican,white,"prosecutor, misc. private practice, law professor/academia","elected, partisan","january 1, 2023",january 2031,"november 5, 2030"
328,828511c6-fbe9-42ca-9710-50a457092695,Valerie Stanfill,ME,female,unsure,white,"other public interest org, plaintiff-side civil private practice, misc. private practice, judicial, law professor/academia","appointed, leg confirmed","june 8, 2021","june 8, 2028",n/a - requires reappointment/confirmation
329,bc364875-4a63-4ae3-b89e-5d13b1d5677c,Verda M. Colvin,GA,female,unsure,black,"prosecutor, misc. private practice, judicial",appointed,"july 29, 2021","december 31, 2028","november 7, 2028"
330,f62f94e4-7577-4dce-ad34-e6af700ea10b,Vijay Shanker,DC,male,unsure,indian american,"prosecutor, corporate, misc. private practice","appointed, leg confirmed","december 21, 2022",december 2037,n/a
331,ad716798-f69a-42ff-9456-4dfd8432fbe0,Vladimir Devens,HI,male,unsure,asian american,", pacific islander","other public interest org, plaintiff-side civil private practice, misc. private practice","appointed, leg confirmed","january 12, 2024","january 12, 2034"
332,f2108e34-c3f7-471d-8b63-62c706d6c5a2,W. Brent Powell,MO,male,republican,white,"prosecutor, misc. private practice, judicial, legislative experience, relevant non-legal crime enforcement experience","appointed, retention elected",2017,"december 31, 2030","november 5, 2030"
333,d9d74929-3c29-4e39-aab3-444522549c07,Wayne Douglas,ME,male,unsure,white,"misc. private practice, judicial, other exec branch experience","appointed, leg confirmed","february 1, 2023","february 17, 2030",n/a - requires reappointment/confirmation
334,fdaab19b-abcc-4810-8d30-caad477d95a9,Wesley G. Russell Jr.,VA,male,unsure,white,"government civil (non civil rights), misc. private practice, judicial",leg elected,"july 1, 2022","june 30, 2034","leg election by june 30, 2034"
335,bd24d427-b366-4665-b225-68dfb49060f7,Will Parker,AL,male,republican,white,"government civil (non civil rights), other exec branch experience",appointed,"november 10, 2025",2026,"november 3, 2026 (special)"
336,fa0c0f09-19a2-4534-bf0f-bb9cb1b70bd5,William B. Cassel,NE,male,republican,white,"misc. private practice, judicial","appointed, retention elected","may 9, 2012","january 5, 2029","november 7, 2028"
337,b5286607-9906-4fd3-a5f9-eb4c32de83d0,William B. Sellers,AL,male,republican,white,"corporate, misc. private practice","appointed, elected, partisan","may 25, 2017","january 19, 2025","november 5, 2024"
338,e60f60ad-7f86-4d8a-bd4e-2850f373927b,William G. Montgomery,AZ,male,republican,white,"prosecutor, other public interest org, defend criminal legal system, government civil (non civil rights), misc. private practice","appointed, retention elected","september 9, 2019",january 2029,"november 2, 2028"
339,68d92759-0b66-4bea-b80d-39df81a4f3d3,"William H. Bright, Jr.",CT,male,democrat,white,"corporate, judicial","appointed, leg confirmed","march 5, 2025",2032,
340,96649d9f-3181-4d80-bf35-dd47924bf061,"William J. Musseman, Jr.",OK,male,republican,white,"prosecutor, judicial",appointed,2022,unsure,unsure
341,fd2863e0-c170-49b7-b1c6-679c0b9e5d81,William P. Robinson III,RI,male,republican,white,misc. private practice,"appointed, leg confirmed",2004,lifetime,n/a - appointed for life
342,0ad96743-6f06-4250-862a-77802f80a3f3,William R. Wooton,WV,male,democrat,white,"prosecutor, plaintiff-side civil private practice, misc. private practice, legislative experience","elected, nonpartisan","january 1, 2021",december 2032,tbd
343,aa6a980a-7322-438e-b64b-6c4e75da8a2c,"William W. Hood, III",CO,male,democrat,white,"prosecutor, corporate, plaintiff-side civil private practice, misc. private practice, judicial","appointed, retention elected","january 13, 2014","january 11, 2027","november 3, 2026"
344,56346150-07d2-413e-a0d3-6255f419a085,Zel M. Fischer,MO,male,republican,white,"misc. private practice, judicial","appointed, retention elected",2008,"december 31, 2034","november 7, 2034"
