name,state,slri_name,match_status
Sarah Hicks Stewart,Alabama,Sarah H. Stewart,matched
Greg Shaw,Alabama,Greg Shaw,matched
Alisa Kelli Wise,Alabama,Alisa Kelli Wise,matched
Tommy Bryan,Alabama,Tommy Bryan,matched
Will Sellers,Alabama,William B. Sellers,matched
Brady E. Mendheim Jr.,Alabama,"Brady E. Mendheim, Jr.",matched
Greg Cook,Alabama,Greg Cook,matched
Chris McCool,Alabama,Chris McCool,matched
Will Parker,Alabama,Will Parker,matched
Susan M. Carney,Alaska,Susan M. Carney,matched
Dario Borghesan,Alaska,Dario Borghesan,matched
Jennifer S. Henderson,Alaska,Jennifer S. Henderson,matched
Jude Pate,Alaska,Jude Pate,matched
Aimee A. Oravec,Alaska,Aimee A. Oravec,matched
Ann Timmer,Arizona,Ann A. Scott Timmer,matched
John Lopez IV,Arizona,John R. Lopez IV,matched
Clint Bolick,Arizona,Clint Bolick,matched
James Beene,Arizona,James P. Beene,matched
Kathryn Hackett King,Arizona,Kathryn H. King,matched
Maria Elena Cruz,Arizona,Maria Elena Cruz,matched
Karen R. Baker,Arkansas,Karen R. Baker,matched
Courtney Rae Hudson,Arkansas,Courtney Rae Hudson,matched
Rhonda K. Wood,Arkansas,Rhonda K. Wood,matched
Shawn Womack,Arkansas,Shawn A. Womack,matched
Barbara Womack Webb,Arkansas,Barbara Webb,matched
J. Cody Hiland,Arkansas,J. Cody Hiland,matched
Patricia Guerrero,California,Patricia Guerrero,matched
Carol Corrigan,California,Carol A. Corrigan,matched
Goodwin Liu,California,Goodwin H. Liu,matched
Leondra Kruger,California,Leondra R. Kruger,matched
Joshua Groban,California,Joshua P. Groban,matched
Kelli Evans,California,Kelli Evans,matched
Monica Márquez,Colorado,Monica M. Márquez,matched
Brian Boatright,Colorado,Brian D. Boatright,matched
William W. Hood III,Colorado,"William W. Hood, III",matched
Richard L. Gabriel,Colorado,Richard L. Gabriel,matched
Carlos Samour,Colorado,"Carlos A. Samour, Jr.",matched
Maria Berkenkotter,Colorado,Maria E. Berkenkotter,matched
Raheem L. Mullins,Connecticut,Raheem L. Mullins,matched
Andrew J. McDonald,Connecticut,Andrew J. McDonald,matched
Gregory D'Auria,Connecticut,Gregory T. D’Auria,matched
Steven D. Ecker,Connecticut,Steven D. Ecker,matched
Nora Dannehy,Connecticut,Nora Dannehy,matched
William H. Bright Jr.,Connecticut,"William H. Bright, Jr.",matched
Collins J. Seitz Jr.,Delaware,"Collins J. Seitz, Jr.",matched
Karen L. Valihura,Delaware,Karen L. Valihura,matched
Gary Traynor,Delaware,Gary F. Traynor,matched
Abigail LeGrow,Delaware,Abigail LeGrow,matched
N. Christopher Griffiths,Delaware,N. Christopher Griffiths,matched
Carlos G. Muñiz,Florida,Carlos G. Muñiz,matched
Jorge Labarga,Florida,Jorge Labarga,matched
John D. Couriel,Florida,John D. Couriel,matched
Jamie Grosshans,Florida,Jamie R. Grosshans,matched
Renatha Francis,Florida,Renatha Francis,matched
Meredith Sasso,Florida,Meredith Sasso,matched
Adam Tanenbaum,Florida,Adam Tanenbaum,matched
Nels S. D. Peterson,Georgia,Nels S.D. Peterson,matched
Sarah Hawkins Warren,Georgia,Sarah Hawkins Warren,matched
Charlie Bethel,Georgia,Charles J. Bethel,matched
John J. Ellington,Georgia,John J. Ellington,matched
Carla Wong McMillian,Georgia,Carla Wong McMillian,matched
Shawn Ellen LaGrua,Georgia,Shawn Ellen LaGrua,matched
Verda Colvin,Georgia,Verda M. Colvin,matched
Andrew Pinson,Georgia,Andrew Pinson,matched
Benjamin Land,Georgia,Benjamin A. Land,matched
Vladimir Devens,Hawaii,Vladimir Devens,matched
Sabrina McKenna,Hawaii,Sabrina S. McKenna,matched
Todd W. Eddins,Hawaii,Todd W. Eddins,matched
Lisa M. Ginoza,Hawaii,Lisa Ginoza,matched
G. Richard Bevan,Idaho,G. Richard Bevan,matched
Robyn Brody,Idaho,Robyn M. Brody,matched
Gregory W. Moeller,Idaho,Gregory W. Moeller,matched
Colleen Zahn,Idaho,Colleen D. Zahn,matched
Cynthia Meyer,Idaho,Cynthia Meyer,matched
P. Scott Neville Jr.,Illinois,"P. Scott Neville, Jr.",matched
David K. Overstreet,Illinois,David K. Overstreet,matched
Lisa Holder White,Illinois,Lisa Holder White,matched
Joy Cunningham,Illinois,Joy V. Cunningham,matched
Elizabeth Rochford,Illinois,Elizabeth Rochford,matched
Mary Kay O'Brien,Illinois,Mary Kay O’Brien,matched
Sanjay Tailor,Illinois,Sanjay T. Tailor,matched
Loretta Rush,Indiana,Loretta H. Rush,matched
Mark Massa,Indiana,Mark S Massa,matched
Geoffrey G. Slaughter,Indiana,Geoffrey G Slaughter,matched
Christopher M. Goff,Indiana,Christopher M Goff,matched
Derek R. Molter,Indiana,Derek Molter,matched
Susan Christensen,Iowa,Susan Christensen,matched
Edward Mansfield,Iowa,Edward M. Mansfield,matched
Thomas D. Waterman,Iowa,Thomas D. Waterman,matched
Christopher McDonald,Iowa,Christopher McDonald,matched
Dana Oxley,Iowa,Dana Oxley,matched
Matthew McDermott,Iowa,Matthew McDermott,matched
David N. May,Iowa,David N. May,matched
Eric S. Rosen,Kansas,Eric S. Rosen,matched
Caleb Stegall,Kansas,Caleb Stegall,matched
Melissa Standridge,Kansas,Melissa Taylor Standridge,matched
Larkin Walsh,Kansas,Larkin Walsh,matched
Debra H. Lambert,Kentucky,Debra Hembree Lambert,matched
Robert B. Conley,Kentucky,Robert B. Conley,matched
Michelle M. Keller,Kentucky,Michelle M. Keller,matched
Christopher Shea Nickell,Kentucky,Christopher Shea Nickell,matched
Kelly Thompson,Kentucky,Kelly Thompson,matched
Angela McCormick Bisig,Kentucky,Angela McCormick Bisig,matched
Pamela R. Goodwine,Kentucky,Pamela R. Goodwine,matched
John L. Weimer,Louisiana,John L. Weimer,matched
Jefferson D. Hughes III,Louisiana,Jefferson D. Hughes III,matched
Jay McCallum,Louisiana,Jay B. McCallum,matched
Piper D. Griffin,Louisiana,Piper D. Griffin,matched
John Guidry,Louisiana,John Guidry,matched
Cade Cole,Louisiana,Cade Cole,matched
Valerie Stanfill,Maine,Valerie Stanfill,matched
Andrew Mead,Maine,Andrew M. Mead,matched
Catherine Connors,Maine,Catherine R. Connors,matched
Rick E. Lawrence,Maine,Rick Lawrence,matched
Wayne R. Douglas,Maine,Wayne Douglas,matched
Julia M. Lipez,Maine,Julia M. Lipez,matched
Matthew J. Fader,Maryland,Matthew Fader,matched
Shirley M. Watts,Maryland,Shirley M. Watts,matched
Brynja M. Booth,Maryland,Brynja M. Booth,matched
Jonathan Biran,Maryland,Jonathan Biran,matched
Steven B. Gould,Maryland,Steven B. Gould,matched
Angela M. Eaves,Maryland,Angela M. Eaves,matched
Peter Killough,Maryland,Peter K. Killough,matched
Kimberly S. Budd,Massachusetts,Kimberly S. Budd,matched
Frank Gaziano,Massachusetts,Frank M. Gaziano,matched
Scott L. Kafker,Massachusetts,Scott L. Kafker,matched
Dalila Argaez Wendlandt,Massachusetts,Dalila Argaez Wendlandt,matched
Serge Georges Jr.,Massachusetts,"Serge Georges, Jr.",matched
Gabrielle Wolohojian,Massachusetts,Gabrielle Wolohojian,matched
Megan Cavanagh,Michigan,Megan K. Cavanagh,matched
Brian K. Zahra,Michigan,Brian K. Zahra,matched
Richard H. Bernstein,Michigan,Richard Bernstein,matched
Elizabeth M. Welch,Michigan,Elizabeth M. Welch,matched
Kyra Harris Bolden,Michigan,Kyra Harris Bolden,matched
Kimberly Thomas,Michigan,Kimberly Ann Thomas,matched
Natalie Hudson,Minnesota,Natalie E. Hudson,matched
Anne McKeig,Minnesota,Anne K. McKeig,matched
Paul Thissen,Minnesota,Paul C. Thissen,matched
Gordon Moore,Minnesota,Gordon Moore,matched
Karl Procaccini,Minnesota,Karl Procaccini,matched
Sarah Hennesy,Minnesota,Sarah Hennesy,matched
Theodora Gaïtas,Minnesota,Theodora Gaitas,matched
Kenny Griffis,Mississippi,Kenny Griffis,matched
Leslie D. King,Mississippi,Leslie D. King,matched
Jenifer Branning,Mississippi,Jenifer Branning,matched
David M. Ishee,Mississippi,David M. Ishee,matched
David Sullivan,Mississippi,David Sullivan,matched
Michael K. Randolph,Mississippi,Michael K. Randolph,matched
Josiah D. Coleman,Mississippi,Josiah Dennis Coleman,matched
W. Brent Powell,Missouri,W. Brent Powell,matched
Mary Rhodes Russell,Missouri,Mary R. Russell,matched
Zel Fischer,Missouri,Zel M. Fischer,matched
Paul C. Wilson,Missouri,Paul C. Wilson,matched
Robin Ransom,Missouri,Robin Ransom,matched
Kelly C. Broniec,Missouri,Kelly C. Broniec,matched
Ginger Gooch,Missouri,Ginger Gooch,matched
Cory Swanson,Montana,Cory Swanson,matched
James A. Rice,Montana,James A. Rice,matched
Beth Baker,Montana,Beth Baker,matched
Laurie McKinnon,Montana,Laurie McKinnon,matched
James Jeremiah Shea,Montana,James Jeremiah Shea,matched
Ingrid Gustafson,Montana,Ingrid Gustafson,matched
Katherine M. Bidegaray,Montana,Katherine Biidegaray,matched
Jeffrey J. Funke,Nebraska,Jeffrey J. Funke,matched
William B. Cassel,Nebraska,William B. Cassel,matched
Stephanie F. Stacy,Nebraska,Stephanie F. Stacy,matched
Jonathan Papik,Nebraska,Jonathan J. Papik,matched
John Freudenberg,Nebraska,John R. Freudenberg,matched
Jason Bergevin,Nebraska,Jason M. Bergevin,matched
Derek Vaughn,Nebraska,Derek Vaughn,matched
Douglas W. Herndon,Nevada,Douglas Herndon,matched
Ron Parraguirre,Nevada,Ron D. Parraguirre,matched
Kristina Pickering,Nevada,Kristina Pickering,matched
Lidia S. Stiglich,Nevada,Lidia S. Stiglich,matched
Elissa F. Cadish,Nevada,Elissa F. Cadish,matched
Patricia Lee,Nevada,Patricia Lee,matched
Linda M. Bell,Nevada,Linda M. Bell,matched
Gordon J. MacDonald,New Hampshire,Gordon J. MacDonald,matched
Patrick E. Donovan,New Hampshire,Patrick E. Donovan,matched
Melissa Beth Countway,New Hampshire,Melissa Beth Countway,matched
Bryan Gould,New Hampshire,Bryan K. Gould,matched
Daniel Will,New Hampshire,Daniel E. Will,matched
Stuart Rabner,New Jersey,Stuart Rabner,matched
Anne M. Patterson,New Jersey,Anne M. Patterson,matched
Fabiana Pierre-Louis,New Jersey,Fabiana Pierre-Louis,matched
Rachel Wainer Apter,New Jersey,Rachel Wainer-Apter,matched
Douglas M. Fasciale,New Jersey,Douglas Fasciale,matched
Michael Noriega,New Jersey,Michael Noriega,matched
John Jay Hoffman,New Jersey,John Jay Hoffman,matched
Julie J. Vargas,New Mexico,Julie J. Vargas,matched
Michael E. Vigil,New Mexico,Michael E. Vigil,matched
C. Shannon Bacon,New Mexico,C. Shannon Bacon,matched
David K. Thomson,New Mexico,David K. Thomson,matched
Briana Zamora,New Mexico,Briana Zamora,matched
Rowan D. Wilson Chief Judge,New York,Rowan D. Wilson,matched
Jenny Rivera,New York,Jenny Rivera,matched
Michael J. Garcia,New York,Michael J. Garcia,matched
Madeline Singas,New York,Madeline Singas,matched
Anthony Cannataro,New York,Anthony Cannataro,matched
Shirley Troutman,New York,Shirley Troutman,matched
Caitlin Halligan,New York,Caitlin Halligan,matched
Paul Martin Newby,North Carolina,Paul Newby,matched
Anita Earls,North Carolina,Anita Earls,matched
Phil Berger Jr.,North Carolina,Philip Berger Jr.,matched
Tamara P. Barringer,North Carolina,Tamara Barringer,matched
Richard Dietz,North Carolina,Richard Dietz,matched
Trey Allen,North Carolina,Trey Allen,matched
Allison Riggs,North Carolina,Allison Riggs,matched
Jerod Tufte,North Dakota,Jerod Tufte,matched
Jon Jensen,North Dakota,Jon J. Jensen,matched
Douglas Bahr,North Dakota,Douglas Bahr,matched
Sharon L. Kennedy,Ohio,Sharon L. Kennedy,matched
Patrick F. Fischer,Ohio,Patrick F. Fischer,matched
Jennifer Brunner,Ohio,Jennifer Brunner,matched
Joe Deters,Ohio,Joseph Deters,matched
Megan E. Shanahan,Ohio,Megan Shanahan,matched
Dustin Rowe,Oklahoma,Dustin P. Rowe,matched
James R. Winchester,Oklahoma,James R. Winchester,matched
James E. Edmondson,Oklahoma,James E. Edmondson,matched
Doug Combs,Oklahoma,Douglas L. Combs,matched
Richard Darby,Oklahoma,Richard Darby,matched
M. John Kane IV,Oklahoma,"M. John Kane, IV",matched
Dana Kuehn,Oklahoma,Dana Kuehn,matched
Travis Jett,Oklahoma,Travis Jett,matched
Gary Lumpkin,Oklahoma,Gary Lumpkin,matched
David Lewis,Oklahoma,David Lewis,matched
Robert Hudson,Oklahoma,Robert Hudson,matched
Scott Rowland,Oklahoma,Scott Rowland,matched
William Musseman,Oklahoma,"William J. Musseman, Jr.",matched
Rebecca Duncan,Oregon,Rebecca Duncan,matched
Roger DeHoog,Oregon,Roger DeHoog,matched
Stephen Bushong,Oregon,Stephen Bushong,matched
Bronson James,Oregon,Bronson James,matched
Aruna Masih,Oregon,Aruna Masih,matched
Debra Todd,Pennsylvania,Debra Todd,matched
Christine Donohue,Pennsylvania,Christine Donohue,matched
Kevin Dougherty,Pennsylvania,Kevin M. Dougherty,matched
David Wecht,Pennsylvania,David N. Wecht,matched
Sallie Updyke Mundy,Pennsylvania,Sallie Updyke Mundy,matched
Kevin Brobson,Pennsylvania,Kevin Brobson,matched
Daniel McCaffery,Pennsylvania,Daniel McCaffery,matched
Paul Suttell,Rhode Island,Paul A. Suttell,matched
William P. Robinson III,Rhode Island,William P. Robinson III,matched
Erin Lynch Prata,Rhode Island,Erin Lynch Prata,matched
Melissa A. Long,Rhode Island,Melissa A. Long,matched
John W. Kittredge,South Carolina,John W. Kittredge,matched
George C. James,South Carolina,"George C. James, Jr.",matched
D. Garrison Hill,South Carolina,D. Garrison Hill,matched
Letitia H. Verdin,South Carolina,Letitia Verdin,matched
Steven R. Jensen,South Dakota,Steven R. Jensen,matched
Mark Salter,South Dakota,Mark E. Salter,matched
Patricia DeVaney,South Dakota,Patricia J. DeVaney,matched
Scott P. Myren,South Dakota,Scott P. Myren,matched
Robert Gusinsky,South Dakota,Robert Gusinsky,matched
Jeffrey S. Bivins,Tennessee,Jeffrey S. Bivins,matched
Holly M. Kirby,Tennessee,Holly Kirby,matched
Sarah K. Campbell,Tennessee,Sarah Keeton Campbell,matched
Dwight E. Tarwater,Tennessee,Dwight Tarwater,matched
Mary L. Wagner,Tennessee,Mary L. Wagner,matched
Jimmy Blacklock,Texas,Jimmy Blacklock,matched
Debra Lehrmann,Texas,Debra Lehrmann,matched
John P. Devine,Texas,John Phillip Devine,matched
J. Brett Busby,Texas,Brett Busby,matched
Jane Bland,Texas,Jane Bland,matched
Rebeca Huddle,Texas,Rebeca Aizpuru Huddle,matched
Evan Young,Texas,Evan Young,matched
James P. Sullivan,Texas,James P. Sullivan,matched
Kyle D. Hawkins,Texas,Kyle D. Hawkins,matched
David J. Schenk,Texas,David Schneck,matched
Bert Richardson,Texas,Bert Richardson,matched
David Newell,Texas,David Newell,matched
Mary Lou Keel,Texas,Mary Lou Keel,matched
Scott Walker,Texas,Scott Walker,matched
Jesse McClure,Texas,"Jesse F McClure, III",matched
Lee Finley,Texas,Lee Finley “Gary”,matched
Gina G. Parker,Texas,Gina Parker,matched
Matthew B. Durrant,Utah,Matthew B. Durrant,matched
Paige Petersen,Utah,Paige Petersen,matched
Jill Pohlman,Utah,Jill Pohlman,matched
John Nielsen,Utah,John Nielsen,matched
Paul Reiber,Vermont,Paul L. Reiber,matched
Harold Eaton Jr.,Vermont,"Harold E. Eaton, Jr.",matched
Nancy Waples,Vermont,Nancy Waples,matched
Christina Nolan,Vermont,Christina Nolan,matched
Michael P. Drescher,Vermont,Michael P. Drescher,matched
Cleo Powell,Virginia,Cleo E. Powell,matched
Cleo Powell,Virginia,Cleo E. Powell,matched
D. Arthur Kelsey,Virginia,D. Arthur Kelsey,matched
Stephen R. McCullough,Virginia,"Stephen R.
McCullough",matched
Teresa M. Chafin,Virginia,Teresa M. Chafin,matched
Wesley G. Russell Jr.,Virginia,Wesley G. Russell Jr.,matched
Thomas P. Mann,Virginia,Thomas Mann,matched
Junius P. Fulton III,Virginia,Junius P. Fulton III,matched
Debra L. Stephens,Washington,Debra L. Stephens,matched
Charles W. Johnson,Washington,Charles W. Johnson,matched
Steven González,Washington,Steven A. González,matched
Sheryl Gordon McCloud,Washington,Sheryl Gordon McCloud,matched
Raquel Montoya-Lewis,Washington,Raquel Montoya-Lewis,matched
Sal Mungia,Washington,Sal Mungia,matched
Colleen Melody,Washington,Colleen Melody,matched
C. Haley Bunn,West Virginia,Haley Bunn,matched
William R. Wooton,West Virginia,William R. Wooton,matched
Charles S. Trump,West Virginia,Charles Trump,matched
Tom Ewing,West Virginia,Thomas Ewing,matched
Gerald Titus,West Virginia,Gerald Titus,matched
Jill Karofsky,Wisconsin,Jill J. Karofsky,matched
Annette Ziegler,Wisconsin,"Annette Kingsland
  Ziegler",matched
Rebecca Bradley,Wisconsin,Rebecca Grassl Bradley,matched
Rebecca Dallet,Wisconsin,Rebecca Frank Dallet,matched
Brian Hagedorn,Wisconsin,Brian Hagedorn,matched
Janet Protasiewicz,Wisconsin,Janet Protasiewicz,matched
Susan M. Crawford,Wisconsin,Susan Crawford,matched
Lynne J. Boomgaarden,Wyoming,Lynne Boomgaarden,matched
Kari Jo Gray,Wyoming,Kari Gray,matched
John G. Fenn,Wyoming,John G. Fenn,matched
Robert Jarosh,Wyoming,Robert Jarosh,matched
Bill Montgomery,Arizona,,wiki only
Nicholas Bronni,Arkansas,,wiki only
Susan Blanco,Colorado,,wiki only
Joan K. Alexander,Connecticut,,wiki only
Daniel Biles,Kansas,,wiki only
K. J. Wall,Kansas,,wiki only
Allison Penzato,Louisiana,,wiki only
Chris Taub,Maine,,wiki only
Bessie Dewar,Massachusetts,,wiki only
Noah Hood,Michigan,,wiki only
Lisa McEvers,North Dakota,,wiki only
Mark Friese,North Dakota,,wiki only
Pat DeWine,Ohio,,wiki only
Daniel R. Hawkins,Ohio,,wiki only
Noma Gurich,Oklahoma,,wiki only
Meagan Flynn,Oregon,,wiki only
Christopher L. Garrett,Oregon,,wiki only
John Few,South Carolina,,wiki only
Kevin Yeary,Texas,,wiki only
Helen Whitener,Washington,,wiki only
Theo Angelis,Washington,,wiki only
Bridget Hill,Wyoming,,wiki only
Andrew M. Horton,Maine,,slri only
Anna Blackburne-Rigsby,District of Columbia,,slri only
Barbara A. Madsen,Washington,,slri only
Catharine F. Easterly,District of Columbia,,slri only
Chris Garrett,Oregon,,slri only
Corinne A. Beckwith,District of Columbia,,slri only
Dan Biles,Kansas,,slri only
Dan Hawkins,Ohio,,slri only
Daniel J. Crothers,North Dakota,,slri only
Diana Hagen*,Utah,,slri only
Elizabeth “Bessie” Dewar,Massachusetts,,slri only
Elizabeth T. Clement,Michigan,,slri only
G. Helen Whitener,Washington,,slri only
James D. Maxwell II,Mississippi,,slri only
John Cannon Few,South Carolina,,slri only
John P. Howard III,District of Columbia,,slri only
Joshua Deahl,District of Columbia,,slri only
Kate M. Fox,Wyoming,,slri only
Kevin Patrick Yeary,Texas,,slri only
Keynen “KJ” Wall Jr.,Kansas,,slri only
Lisa Fair McEvers,North Dakota,,slri only
Marla Luckert,Kansas,,slri only
Maureen McKenna Goldberg,Rhode Island,,slri only
Meagan Aileen Flynn,Oregon,,slri only
Noma Diane Gurich,Oklahoma,,slri only
R. Patrick DeWine,Ohio,,slri only
Robert P. Chamberlin,Mississippi,,slri only
Roy W. McLeese,District of Columbia,,slri only
Vijay Shanker,District of Columbia,,slri only
William G. Montgomery,Arizona,,slri only
